run_id,policy,seed,arrival_rate,duration_s,mean_holding_s,offered,blocked,blocking_pct,du_blocking_pct,cpu_util_pct_edge-A,cpu_util_pct_edge-B,cpu_util_pct_core-1,peak_link_pct_edge-A<->core-1,peak_link_pct_edge-B<->core-1,peak_link_pct_edge-A<->edge-B
1,edge_first,1,1.0,300.0,8.0,280,25,8.929,40.0,51.646,51.417,4.709,45.0,80.0,100.0
2,least_loaded,1,1.0,300.0,8.0,280,10,3.571,15.0,30.146,30.375,22.82,100.0,100.0,100.0
3,best_fit,1,1.0,300.0,8.0,280,27,9.643,43.333,55.417,47.458,4.222,40.0,80.0,80.0
4,latency_slack,1,1.0,300.0,8.0,280,8,2.857,11.667,21.542,26.667,27.66,100.0,90.0,100.0
5,edge_first,2,1.0,300.0,8.0,310,33,10.645,51.852,65.521,67.771,15.951,80.0,100.0,100.0
6,least_loaded,2,1.0,300.0,8.0,310,18,5.806,22.222,44.75,45.771,36.576,100.0,100.0,100.0
7,best_fit,2,1.0,300.0,8.0,310,35,11.29,59.259,66.854,64.042,14.84,62.0,100.0,100.0
8,latency_slack,2,1.0,300.0,8.0,310,11,3.548,14.815,32.542,36.479,43.833,100.0,100.0,100.0
9,edge_first,3,1.0,300.0,8.0,318,39,12.264,55.385,65.666,60.417,12.798,100.0,80.0,100.0
10,least_loaded,3,1.0,300.0,8.0,318,24,7.547,29.231,49.354,50.781,34.507,100.0,100.0,100.0
11,best_fit,3,1.0,300.0,8.0,318,37,11.635,47.692,66.458,65.188,14.799,100.0,80.0,100.0
12,latency_slack,3,1.0,300.0,8.0,318,18,5.66,20.0,43.833,39.167,40.601,100.0,99.0,100.0
13,edge_first,4,1.0,300.0,8.0,279,22,7.885,39.623,60.187,59.438,12.722,100.0,100.0,100.0
14,least_loaded,4,1.0,300.0,8.0,279,12,4.301,18.868,36.625,38.333,31.326,100.0,100.0,100.0
15,best_fit,4,1.0,300.0,8.0,279,22,7.885,37.736,57.833,56.792,14.632,100.0,80.0,100.0
16,latency_slack,4,1.0,300.0,8.0,279,7,2.509,13.208,28.542,26.823,38.021,100.0,100.0,100.0
17,edge_first,5,1.0,300.0,8.0,294,34,11.565,50.0,66.0,58.958,10.555,100.0,82.0,100.0
18,least_loaded,5,1.0,300.0,8.0,294,22,7.483,25.0,52.604,39.979,27.069,100.0,100.0,100.0
19,best_fit,5,1.0,300.0,8.0,294,35,11.905,51.562,65.125,55.417,8.34,100.0,80.0,100.0
20,latency_slack,5,1.0,300.0,8.0,294,19,6.463,23.438,39.854,33.875,31.41,100.0,100.0,100.0
21,edge_first,6,1.0,300.0,8.0,316,40,12.658,51.351,59.146,65.75,15.187,100.0,100.0,100.0
22,least_loaded,6,1.0,300.0,8.0,316,22,6.962,25.676,41.208,43.208,32.667,100.0,100.0,100.0
23,best_fit,6,1.0,300.0,8.0,316,42,13.291,51.351,61.198,66.688,14.889,100.0,100.0,100.0
24,latency_slack,6,1.0,300.0,8.0,316,16,5.063,17.568,32.333,35.271,40.135,100.0,100.0,100.0
25,edge_first,7,1.0,300.0,8.0,310,44,14.194,55.128,61.125,69.396,10.542,80.0,100.0,100.0
26,least_loaded,7,1.0,300.0,8.0,310,20,6.452,20.513,46.542,48.271,32.687,100.0,100.0,100.0
27,best_fit,7,1.0,300.0,8.0,310,41,13.226,48.718,66.542,64.073,12.563,80.0,100.0,100.0
28,latency_slack,7,1.0,300.0,8.0,310,17,5.484,20.513,37.875,44.458,36.09,100.0,100.0,50.0
29,edge_first,8,1.0,300.0,8.0,292,29,9.932,47.541,59.688,55.458,12.743,70.0,100.0,100.0
30,least_loaded,8,1.0,300.0,8.0,292,20,6.849,29.508,41.542,42.958,25.153,100.0,100.0,100.0
31,best_fit,8,1.0,300.0,8.0,292,36,12.329,55.738,58.604,63.854,10.368,80.0,87.0,100.0
32,latency_slack,8,1.0,300.0,8.0,292,15,5.137,22.951,35.479,38.542,31.973,100.0,100.0,100.0
33,edge_first,9,1.0,300.0,8.0,294,30,10.204,49.153,65.052,58.823,19.438,85.0,80.0,100.0
34,least_loaded,9,1.0,300.0,8.0,294,10,3.401,13.559,44.896,40.625,38.569,100.0,100.0,100.0
35,best_fit,9,1.0,300.0,8.0,294,27,9.184,45.763,68.792,51.021,21.656,100.0,100.0,100.0
36,latency_slack,9,1.0,300.0,8.0,294,10,3.401,13.559,32.667,36.583,41.312,97.0,100.0,50.0
37,edge_first,10,1.0,300.0,8.0,311,29,9.325,43.548,60.854,60.635,16.375,85.0,100.0,100.0
38,least_loaded,10,1.0,300.0,8.0,311,12,3.859,17.742,42.771,38.708,34.393,100.0,100.0,100.0
39,best_fit,10,1.0,300.0,8.0,311,37,11.897,53.226,58.792,63.042,14.583,100.0,85.0,100.0
40,latency_slack,10,1.0,300.0,8.0,311,11,3.537,17.742,38.583,28.875,39.267,100.0,99.0,100.0
41,edge_first,11,1.0,300.0,8.0,275,26,9.455,47.17,51.625,62.74,8.882,100.0,60.0,100.0
42,least_loaded,11,1.0,300.0,8.0,275,7,2.545,13.208,32.198,44.542,27.757,100.0,90.0,100.0
43,best_fit,11,1.0,300.0,8.0,275,26,9.455,47.17,46.813,65.062,7.521,80.0,80.0,100.0
44,latency_slack,11,1.0,300.0,8.0,275,5,1.818,9.434,22.104,39.833,33.396,92.0,94.0,50.0
45,edge_first,12,1.0,300.0,8.0,293,30,10.239,44.231,60.584,60.74,18.791,100.0,100.0,100.0
46,least_loaded,12,1.0,300.0,8.0,293,15,5.119,15.385,39.01,41.688,33.302,100.0,90.0,100.0
47,best_fit,12,1.0,300.0,8.0,293,33,11.263,48.077,56.709,60.594,16.479,100.0,65.0,100.0
48,latency_slack,12,1.0,300.0,8.0,293,14,4.778,19.231,31.833,31.125,39.271,100.0,97.0,50.0
49,edge_first,13,1.0,300.0,8.0,300,37,12.333,52.941,64.177,52.583,8.229,100.0,40.0,100.0
50,least_loaded,13,1.0,300.0,8.0,300,16,5.333,22.059,45.25,37.204,28.177,100.0,100.0,100.0
51,best_fit,13,1.0,300.0,8.0,300,38,12.667,54.412,62.177,55.333,7.896,80.0,80.0,100.0
52,latency_slack,13,1.0,300.0,8.0,300,14,4.667,19.118,38.146,27.25,32.698,100.0,100.0,100.0
53,edge_first,14,1.0,300.0,8.0,310,35,11.29,45.763,59.021,57.635,13.576,82.0,100.0,100.0
54,least_loaded,14,1.0,300.0,8.0,310,19,6.129,23.729,44.958,44.75,35.722,100.0,89.0,100.0
55,best_fit,14,1.0,300.0,8.0,310,33,10.645,49.153,63.146,55.333,17.688,80.0,100.0,100.0
56,latency_slack,14,1.0,300.0,8.0,310,17,5.484,27.119,44.25,36.958,35.715,96.0,100.0,100.0
57,edge_first,15,1.0,300.0,8.0,304,39,12.829,52.0,57.229,63.75,16.986,80.0,100.0,100.0
58,least_loaded,15,1.0,300.0,8.0,304,11,3.618,13.333,39.479,40.75,35.556,100.0,100.0,100.0
59,best_fit,15,1.0,300.0,8.0,304,36,11.842,48.0,57.667,59.521,15.792,80.0,100.0,100.0
60,latency_slack,15,1.0,300.0,8.0,304,10,3.289,12.0,28.812,31.812,42.361,100.0,100.0,100.0
61,edge_first,16,1.0,300.0,8.0,350,42,12.0,60.0,66.729,65.24,10.806,100.0,90.0,100.0
62,least_loaded,16,1.0,300.0,8.0,350,21,6.0,25.714,55.0,41.292,32.684,94.0,100.0,100.0
63,best_fit,16,1.0,300.0,8.0,350,41,11.714,58.571,72.542,61.958,11.445,82.0,80.0,100.0
64,latency_slack,16,1.0,300.0,8.0,350,18,5.143,24.286,49.062,28.042,40.135,99.0,99.0,50.0
65,edge_first,17,1.0,300.0,8.0,328,41,12.5,65.0,63.709,64.875,13.575,100.0,80.0,100.0
66,least_loaded,17,1.0,300.0,8.0,328,19,5.793,25.0,44.094,41.01,33.355,100.0,88.0,100.0
67,best_fit,17,1.0,300.0,8.0,328,39,11.89,58.333,62.802,61.927,14.896,100.0,100.0,100.0
68,latency_slack,17,1.0,300.0,8.0,328,24,7.317,28.333,38.938,27.188,38.826,100.0,100.0,100.0
69,edge_first,18,1.0,300.0,8.0,296,33,11.149,50.769,63.792,63.438,10.452,60.0,80.0,100.0
70,least_loaded,18,1.0,300.0,8.0,296,12,4.054,16.923,44.406,41.458,31.646,100.0,100.0,100.0
71,best_fit,18,1.0,300.0,8.0,296,28,9.459,43.077,63.021,60.771,12.333,80.0,100.0,100.0
72,latency_slack,18,1.0,300.0,8.0,296,11,3.716,16.923,38.083,34.354,36.149,89.0,100.0,100.0
73,edge_first,19,1.0,300.0,8.0,304,32,10.526,49.206,61.281,64.562,10.271,80.0,82.0,100.0
74,least_loaded,19,1.0,300.0,8.0,304,17,5.592,22.222,49.271,37.906,28.375,100.0,100.0,100.0
75,best_fit,19,1.0,300.0,8.0,304,32,10.526,47.619,65.698,59.917,9.68,100.0,80.0,100.0
76,latency_slack,19,1.0,300.0,8.0,304,14,4.605,19.048,35.708,34.229,35.587,100.0,100.0,100.0
77,edge_first,20,1.0,300.0,8.0,314,35,11.146,47.143,65.688,61.948,16.778,100.0,80.0,100.0
78,least_loaded,20,1.0,300.0,8.0,314,19,6.051,25.714,49.229,43.688,34.774,97.0,87.0,100.0
79,best_fit,20,1.0,300.0,8.0,314,37,11.783,50.0,58.479,61.239,14.833,100.0,80.0,100.0
80,latency_slack,20,1.0,300.0,8.0,314,18,5.732,25.714,46.167,39.792,38.594,97.0,100.0,100.0
81,edge_first,21,1.0,300.0,8.0,322,30,9.317,60.0,69.417,57.75,14.715,100.0,80.0,100.0
82,least_loaded,21,1.0,300.0,8.0,322,11,3.416,18.0,47.417,44.302,33.271,100.0,100.0,100.0
83,best_fit,21,1.0,300.0,8.0,322,26,8.075,50.0,69.479,60.562,14.236,100.0,80.0,100.0
84,latency_slack,21,1.0,300.0,8.0,322,10,3.106,20.0,44.854,32.458,41.396,100.0,100.0,100.0
85,edge_first,22,1.0,300.0,8.0,307,34,11.075,55.769,66.948,62.771,13.55,85.0,60.0,100.0
86,least_loaded,22,1.0,300.0,8.0,307,18,5.863,23.077,40.688,48.583,32.215,99.0,87.0,100.0
87,best_fit,22,1.0,300.0,8.0,307,35,11.401,59.615,64.75,64.458,12.07,100.0,80.0,100.0
88,latency_slack,22,1.0,300.0,8.0,307,10,3.257,15.385,31.312,38.125,41.257,100.0,100.0,100.0
89,edge_first,23,1.0,300.0,8.0,300,25,8.333,40.984,55.198,57.604,11.424,60.0,80.0,100.0
90,least_loaded,23,1.0,300.0,8.0,300,12,4.0,19.672,36.635,34.885,29.952,100.0,100.0,100.0
91,best_fit,23,1.0,300.0,8.0,300,29,9.667,45.902,52.708,57.969,10.813,60.0,87.0,97.5
92,latency_slack,23,1.0,300.0,8.0,300,10,3.333,16.393,28.792,20.292,37.747,96.0,100.0,100.0
93,edge_first,24,1.0,300.0,8.0,306,31,10.131,46.032,53.75,63.25,13.243,82.0,80.0,100.0
94,least_loaded,24,1.0,300.0,8.0,306,18,5.882,25.397,42.708,38.271,30.583,85.0,87.0,100.0
95,best_fit,24,1.0,300.0,8.0,306,33,10.784,44.444,55.448,66.021,12.34,80.0,80.0,100.0
96,latency_slack,24,1.0,300.0,8.0,306,17,5.556,23.81,33.458,30.375,35.66,100.0,100.0,100.0
97,edge_first,25,1.0,300.0,8.0,306,45,14.706,62.687,62.083,63.021,9.396,100.0,100.0,100.0
98,least_loaded,25,1.0,300.0,8.0,306,30,9.804,35.821,43.438,41.042,28.466,90.0,100.0,100.0
99,best_fit,25,1.0,300.0,8.0,306,43,14.052,58.209,63.833,66.948,10.59,100.0,100.0,100.0
100,latency_slack,25,1.0,300.0,8.0,306,23,7.516,28.358,39.479,37.292,33.861,91.0,100.0,100.0
101,edge_first,26,1.0,300.0,8.0,304,48,15.789,54.878,60.625,68.25,16.403,60.0,80.0,100.0
102,least_loaded,26,1.0,300.0,8.0,304,28,9.211,30.488,50.792,56.104,33.527,100.0,90.0,100.0
103,best_fit,26,1.0,300.0,8.0,304,50,16.447,52.439,57.396,67.396,17.348,90.0,100.0,100.0
104,latency_slack,26,1.0,300.0,8.0,304,27,8.882,30.488,42.354,50.667,38.042,100.0,100.0,100.0
105,edge_first,27,1.0,300.0,8.0,277,29,10.469,47.368,63.042,64.052,10.382,80.0,100.0,100.0
106,least_loaded,27,1.0,300.0,8.0,277,12,4.332,17.544,39.333,43.583,30.278,100.0,94.0,100.0
107,best_fit,27,1.0,300.0,8.0,277,23,8.303,38.596,63.188,65.604,11.049,80.0,100.0,100.0
108,latency_slack,27,1.0,300.0,8.0,277,11,3.971,19.298,28.542,38.188,36.452,99.0,98.0,100.0
109,edge_first,28,1.0,300.0,8.0,305,40,13.115,54.795,61.292,57.208,13.104,80.0,90.0,100.0
110,least_loaded,28,1.0,300.0,8.0,305,19,6.23,26.027,41.125,39.229,31.941,87.0,100.0,100.0
111,best_fit,28,1.0,300.0,8.0,305,47,15.41,60.274,68.917,56.177,11.166,80.0,85.0,100.0
112,latency_slack,28,1.0,300.0,8.0,305,16,5.246,21.918,34.833,28.125,39.156,97.0,100.0,100.0
113,edge_first,29,1.0,300.0,8.0,313,30,9.585,51.786,66.906,61.312,13.934,82.0,100.0,100.0
114,least_loaded,29,1.0,300.0,8.0,313,18,5.751,25.0,38.604,41.125,33.618,100.0,90.0,50.0
115,best_fit,29,1.0,300.0,8.0,313,28,8.946,48.214,62.333,59.646,15.795,87.0,100.0,100.0
116,latency_slack,29,1.0,300.0,8.0,313,15,4.792,23.214,36.042,31.708,38.695,100.0,94.0,100.0
117,edge_first,30,1.0,300.0,8.0,298,21,7.047,41.176,67.344,58.406,10.208,69.0,80.0,100.0
118,least_loaded,30,1.0,300.0,8.0,298,9,3.02,15.686,41.567,38.312,31.865,100.0,100.0,100.0
119,best_fit,30,1.0,300.0,8.0,298,25,8.389,49.02,61.094,59.354,9.389,80.0,80.0,100.0
120,latency_slack,30,1.0,300.0,8.0,298,6,2.013,9.804,29.578,31.583,38.09,100.0,100.0,100.0
121,edge_first,31,1.0,300.0,8.0,329,39,11.854,52.174,60.521,62.375,13.597,100.0,80.0,100.0
122,least_loaded,31,1.0,300.0,8.0,329,18,5.471,21.739,49.083,41.167,34.146,100.0,100.0,100.0
123,best_fit,31,1.0,300.0,8.0,329,43,13.07,57.971,60.021,64.958,11.681,100.0,80.0,100.0
124,latency_slack,31,1.0,300.0,8.0,329,17,5.167,23.188,38.708,35.042,38.889,100.0,100.0,50.0
125,edge_first,32,1.0,300.0,8.0,292,31,10.616,45.455,61.688,57.625,9.125,82.0,80.0,100.0
126,least_loaded,32,1.0,300.0,8.0,292,12,4.11,15.152,41.229,37.875,29.625,82.0,87.0,100.0
127,best_fit,32,1.0,300.0,8.0,292,30,10.274,45.455,56.562,62.167,8.639,80.0,80.0,100.0
128,latency_slack,32,1.0,300.0,8.0,292,11,3.767,15.152,31.042,26.167,36.702,93.0,92.0,100.0
129,edge_first,33,1.0,300.0,8.0,305,39,12.787,57.576,57.531,60.576,17.056,100.0,80.0,100.0
130,least_loaded,33,1.0,300.0,8.0,305,30,9.836,36.364,46.583,44.979,33.334,100.0,100.0,100.0
131,best_fit,33,1.0,300.0,8.0,305,34,11.148,50.0,54.097,55.812,20.632,100.0,100.0,100.0
132,latency_slack,33,1.0,300.0,8.0,305,22,7.213,33.333,42.167,28.146,41.591,100.0,100.0,100.0
133,edge_first,34,1.0,300.0,8.0,299,34,11.371,49.231,64.646,60.688,18.347,60.0,100.0,100.0
134,least_loaded,34,1.0,300.0,8.0,299,14,4.682,18.462,51.823,37.708,35.688,85.0,100.0,100.0
135,best_fit,34,1.0,300.0,8.0,299,27,9.03,40.0,66.479,62.375,18.764,100.0,100.0,100.0
136,latency_slack,34,1.0,300.0,8.0,299,9,3.01,12.308,44.583,27.833,42.358,90.0,100.0,50.0
137,edge_first,35,1.0,300.0,8.0,276,28,10.145,50.943,64.479,55.198,11.133,100.0,60.0,100.0
138,least_loaded,35,1.0,300.0,8.0,276,10,3.623,18.868,42.416,32.542,31.014,100.0,100.0,100.0
139,best_fit,35,1.0,300.0,8.0,276,21,7.609,35.849,57.25,57.542,14.021,100.0,80.0,82.5
140,latency_slack,35,1.0,300.0,8.0,276,7,2.536,13.208,25.458,28.792,37.837,99.0,96.0,100.0
141,edge_first,36,1.0,300.0,8.0,293,25,8.532,41.071,61.906,55.396,11.459,92.0,80.0,100.0
142,least_loaded,36,1.0,300.0,8.0,293,13,4.437,17.857,41.854,37.646,30.295,100.0,89.0,100.0
143,best_fit,36,1.0,300.0,8.0,293,26,8.874,42.857,61.052,57.5,12.445,92.0,80.0,100.0
144,latency_slack,36,1.0,300.0,8.0,293,9,3.072,14.286,34.438,29.167,36.927,90.0,94.0,100.0
145,edge_first,37,1.0,300.0,8.0,304,29,9.539,46.774,57.375,63.198,9.737,42.0,40.0,100.0
146,least_loaded,37,1.0,300.0,8.0,304,13,4.276,20.968,38.5,39.229,29.5,100.0,100.0,100.0
147,best_fit,37,1.0,300.0,8.0,304,31,10.197,48.387,57.021,60.042,12.917,80.0,80.0,100.0
148,latency_slack,37,1.0,300.0,8.0,304,11,3.618,16.129,29.062,32.021,35.642,94.0,100.0,100.0
149,edge_first,38,1.0,300.0,8.0,328,41,12.5,54.93,61.125,69.188,14.917,85.0,100.0,100.0
150,least_loaded,38,1.0,300.0,8.0,328,23,7.012,26.761,43.312,48.688,32.486,90.0,100.0,100.0
151,best_fit,38,1.0,300.0,8.0,328,41,12.5,54.93,57.802,62.667,15.007,100.0,80.0,100.0
152,latency_slack,38,1.0,300.0,8.0,328,19,5.793,21.127,41.312,42.333,36.351,100.0,100.0,100.0
153,edge_first,39,1.0,300.0,8.0,308,41,13.312,54.286,62.365,63.375,12.979,100.0,100.0,100.0
154,least_loaded,39,1.0,300.0,8.0,308,23,7.468,31.429,41.188,45.323,31.292,100.0,87.0,100.0
155,best_fit,39,1.0,300.0,8.0,308,41,13.312,54.286,62.99,59.042,14.833,100.0,100.0,100.0
156,latency_slack,39,1.0,300.0,8.0,308,23,7.468,31.429,32.5,37.25,36.323,97.0,97.0,100.0
157,edge_first,40,1.0,300.0,8.0,301,38,12.625,54.286,64.0,60.531,10.716,87.0,80.0,100.0
158,least_loaded,40,1.0,300.0,8.0,301,21,6.977,25.714,40.885,45.156,29.924,100.0,100.0,100.0
159,best_fit,40,1.0,300.0,8.0,301,42,13.953,60.0,64.52,59.49,9.667,100.0,80.0,100.0
160,latency_slack,40,1.0,300.0,8.0,301,15,4.983,18.571,31.25,36.333,37.024,96.0,93.0,100.0
161,edge_first,41,1.0,300.0,8.0,317,45,14.196,54.545,66.688,66.917,14.722,100.0,100.0,100.0
162,least_loaded,41,1.0,300.0,8.0,317,28,8.833,36.364,51.354,43.646,34.139,100.0,100.0,100.0
163,best_fit,41,1.0,300.0,8.0,317,46,14.511,62.121,64.563,69.521,12.68,100.0,100.0,100.0
164,latency_slack,41,1.0,300.0,8.0,317,24,7.571,28.788,44.604,40.5,39.233,100.0,100.0,100.0
165,edge_first,42,1.0,300.0,8.0,320,31,9.688,45.763,62.812,60.896,16.438,80.0,100.0,100.0
166,least_loaded,42,1.0,300.0,8.0,320,14,4.375,13.559,41.917,47.021,33.438,100.0,100.0,100.0
167,best_fit,42,1.0,300.0,8.0,320,24,7.5,38.983,62.312,63.229,18.007,80.0,100.0,100.0
168,latency_slack,42,1.0,300.0,8.0,320,12,3.75,16.949,28.812,37.521,40.993,94.0,100.0,100.0
169,edge_first,43,1.0,300.0,8.0,328,31,9.451,46.154,64.271,63.896,14.569,100.0,80.0,100.0
170,least_loaded,43,1.0,300.0,8.0,328,15,4.573,20.0,47.229,47.125,36.139,100.0,95.0,100.0
171,best_fit,43,1.0,300.0,8.0,328,28,8.537,41.538,67.396,64.417,16.57,100.0,80.0,100.0
172,latency_slack,43,1.0,300.0,8.0,328,11,3.354,13.846,33.333,39.396,39.58,100.0,100.0,50.0
173,edge_first,44,1.0,300.0,8.0,282,17,6.028,42.5,55.823,62.438,14.264,100.0,60.0,100.0
174,least_loaded,44,1.0,300.0,8.0,282,7,2.482,10.0,34.125,37.417,32.5,100.0,87.0,55.0
175,best_fit,44,1.0,300.0,8.0,282,21,7.447,42.5,52.958,57.688,16.792,100.0,85.0,100.0
176,latency_slack,44,1.0,300.0,8.0,282,3,1.064,7.5,28.062,30.479,39.965,100.0,91.0,100.0
177,edge_first,45,1.0,300.0,8.0,295,27,9.153,48.148,64.542,61.417,16.5,100.0,60.0,100.0
178,least_loaded,45,1.0,300.0,8.0,295,13,4.407,16.667,45.521,43.562,34.979,100.0,100.0,100.0
179,best_fit,45,1.0,300.0,8.0,295,31,10.508,51.852,72.208,56.458,16.833,100.0,62.0,100.0
180,latency_slack,45,1.0,300.0,8.0,295,11,3.729,20.37,37.688,26.292,42.84,100.0,91.0,100.0
181,edge_first,46,1.0,300.0,8.0,299,28,9.365,52.83,59.188,54.844,10.681,80.0,67.0,100.0
182,least_loaded,46,1.0,300.0,8.0,299,15,5.017,20.755,33.792,37.032,29.778,100.0,100.0,100.0
183,best_fit,46,1.0,300.0,8.0,299,28,9.365,52.83,59.083,48.51,14.187,82.0,100.0,100.0
184,latency_slack,46,1.0,300.0,8.0,299,12,4.013,20.755,25.417,27.979,37.66,90.0,100.0,100.0
185,edge_first,47,1.0,300.0,8.0,326,38,11.656,52.778,69.323,60.958,12.659,82.0,80.0,100.0
186,least_loaded,47,1.0,300.0,8.0,326,27,8.282,34.722,40.625,43.854,33.118,100.0,89.0,100.0
187,best_fit,47,1.0,300.0,8.0,326,39,11.963,52.778,71.125,51.5,13.736,80.0,80.0,100.0
188,latency_slack,47,1.0,300.0,8.0,326,21,6.442,29.167,33.375,33.25,39.048,100.0,89.0,0.0
189,edge_first,48,1.0,300.0,8.0,304,30,9.868,50.847,60.438,59.458,13.792,80.0,80.0,100.0
190,least_loaded,48,1.0,300.0,8.0,304,12,3.947,16.949,43.438,41.792,32.007,82.0,100.0,100.0
191,best_fit,48,1.0,300.0,8.0,304,29,9.539,49.153,57.521,58.417,14.924,80.0,100.0,100.0
192,latency_slack,48,1.0,300.0,8.0,304,11,3.618,13.559,33.542,37.708,37.729,100.0,89.0,0.0
193,edge_first,49,1.0,300.0,8.0,293,29,9.898,48.333,60.136,60.698,8.048,60.0,62.0,100.0
194,least_loaded,49,1.0,300.0,8.0,293,16,5.461,25.0,40.438,36.302,26.448,100.0,100.0,100.0
195,best_fit,49,1.0,300.0,8.0,293,28,9.556,46.667,56.417,53.021,11.507,82.0,80.0,100.0
196,latency_slack,49,1.0,300.0,8.0,293,12,4.096,18.333,31.167,27.396,33.591,100.0,100.0,50.0
197,edge_first,50,1.0,300.0,8.0,283,27,9.541,38.235,57.156,60.229,9.216,60.0,100.0,100.0
198,least_loaded,50,1.0,300.0,8.0,283,14,4.947,16.176,42.042,41.292,24.496,100.0,100.0,100.0
199,best_fit,50,1.0,300.0,8.0,283,26,9.187,36.765,58.521,58.25,9.042,67.0,100.0,100.0
200,latency_slack,50,1.0,300.0,8.0,283,10,3.534,14.706,31.396,39.062,30.615,100.0,100.0,100.0
201,edge_first,1,2.0,300.0,8.0,594,119,20.034,75.0,70.937,77.354,30.649,100.0,100.0,100.0
202,least_loaded,1,2.0,300.0,8.0,594,98,16.498,53.906,63.448,65.5,47.434,100.0,100.0,100.0
203,best_fit,1,2.0,300.0,8.0,594,114,19.192,70.312,72.385,76.146,35.674,100.0,100.0,100.0
204,latency_slack,1,2.0,300.0,8.0,594,83,13.973,50.781,51.292,63.083,57.24,99.0,100.0,100.0
205,edge_first,2,2.0,300.0,8.0,609,125,20.525,80.916,79.156,77.594,35.202,100.0,100.0,100.0
206,least_loaded,2,2.0,300.0,8.0,609,105,17.241,51.908,65.859,65.5,52.733,100.0,100.0,100.0
207,best_fit,2,2.0,300.0,8.0,609,128,21.018,67.939,80.811,73.729,35.952,100.0,85.0,100.0
208,latency_slack,2,2.0,300.0,8.0,609,93,15.271,48.855,64.625,59.542,58.231,100.0,99.0,100.0
209,edge_first,3,2.0,300.0,8.0,588,102,17.347,74.107,73.135,75.907,34.299,100.0,100.0,100.0
210,least_loaded,3,2.0,300.0,8.0,588,82,13.946,47.321,57.656,64.24,50.63,99.0,100.0,100.0
211,best_fit,3,2.0,300.0,8.0,588,109,18.537,70.536,73.709,73.521,35.528,100.0,100.0,97.5
212,latency_slack,3,2.0,300.0,8.0,588,78,13.265,47.321,55.5,56.5,57.588,100.0,100.0,100.0
213,edge_first,4,2.0,300.0,8.0,616,108,17.532,70.635,73.688,74.521,32.587,90.0,100.0,100.0
214,least_loaded,4,2.0,300.0,8.0,616,90,14.61,50.0,65.062,58.938,47.941,100.0,100.0,100.0
215,best_fit,4,2.0,300.0,8.0,616,106,17.208,68.254,74.552,72.427,34.83,100.0,100.0,97.5
216,latency_slack,4,2.0,300.0,8.0,616,74,12.013,44.444,60.5,52.458,57.604,100.0,99.0,100.0
217,edge_first,5,2.0,300.0,8.0,603,134,22.222,80.0,77.75,74.927,42.743,100.0,100.0,75.0
218,least_loaded,5,2.0,300.0,8.0,603,126,20.896,62.308,59.906,65.344,57.701,100.0,100.0,100.0
219,best_fit,5,2.0,300.0,8.0,603,132,21.891,70.769,71.646,69.104,52.58,100.0,100.0,100.0
220,latency_slack,5,2.0,300.0,8.0,603,109,18.076,56.154,59.885,59.083,61.465,100.0,100.0,100.0
221,edge_first,6,2.0,300.0,8.0,578,101,17.474,69.643,77.302,73.708,38.639,100.0,100.0,100.0
222,least_loaded,6,2.0,300.0,8.0,578,74,12.803,41.964,61.083,57.615,53.469,100.0,100.0,100.0
223,best_fit,6,2.0,300.0,8.0,578,101,17.474,66.071,71.323,74.01,39.118,100.0,100.0,100.0
224,latency_slack,6,2.0,300.0,8.0,578,71,12.284,39.286,53.083,53.396,60.25,100.0,100.0,100.0
225,edge_first,7,2.0,300.0,8.0,629,109,17.329,72.581,76.99,74.979,38.153,100.0,100.0,100.0
226,least_loaded,7,2.0,300.0,8.0,629,97,15.421,54.839,66.313,64.448,49.858,100.0,100.0,100.0
227,best_fit,7,2.0,300.0,8.0,629,113,17.965,68.548,78.083,72.625,37.923,100.0,100.0,100.0
228,latency_slack,7,2.0,300.0,8.0,629,86,13.672,44.355,62.5,59.042,59.274,99.0,100.0,100.0
229,edge_first,8,2.0,300.0,8.0,577,112,19.411,68.0,78.927,76.302,34.479,100.0,100.0,100.0
230,least_loaded,8,2.0,300.0,8.0,577,86,14.905,53.6,65.906,59.323,52.406,100.0,100.0,100.0
231,best_fit,8,2.0,300.0,8.0,577,104,18.024,66.4,75.562,69.636,37.601,100.0,100.0,90.0
232,latency_slack,8,2.0,300.0,8.0,577,70,12.132,48.0,60.271,54.604,61.253,100.0,96.0,100.0
233,edge_first,9,2.0,300.0,8.0,557,103,18.492,66.99,73.74,74.219,39.111,100.0,100.0,100.0
234,least_loaded,9,2.0,300.0,8.0,557,93,16.697,52.427,63.281,60.573,51.608,100.0,100.0,100.0
235,best_fit,9,2.0,300.0,8.0,557,101,18.133,71.845,75.99,66.281,41.854,100.0,100.0,100.0
236,latency_slack,9,2.0,300.0,8.0,557,79,14.183,47.573,56.312,49.146,57.953,100.0,100.0,100.0
237,edge_first,10,2.0,300.0,8.0,559,101,18.068,72.269,73.51,73.125,28.019,100.0,100.0,100.0
238,least_loaded,10,2.0,300.0,8.0,559,77,13.775,40.336,60.969,58.729,47.188,100.0,100.0,100.0
239,best_fit,10,2.0,300.0,8.0,559,103,18.426,68.067,77.417,76.979,27.207,100.0,100.0,100.0
240,latency_slack,10,2.0,300.0,8.0,559,48,8.587,28.571,54.625,52.312,57.038,100.0,99.0,100.0
241,edge_first,11,2.0,300.0,8.0,628,135,21.497,69.106,78.354,73.354,43.347,100.0,100.0,100.0
242,least_loaded,11,2.0,300.0,8.0,628,119,18.949,52.033,68.156,67.802,57.795,100.0,100.0,100.0
243,best_fit,11,2.0,300.0,8.0,628,138,21.975,71.545,79.761,77.084,41.507,100.0,100.0,100.0
244,latency_slack,11,2.0,300.0,8.0,628,106,16.879,47.967,67.229,62.062,63.299,99.0,100.0,100.0
245,edge_first,12,2.0,300.0,8.0,603,108,17.91,76.068,78.573,77.531,39.722,100.0,100.0,100.0
246,least_loaded,12,2.0,300.0,8.0,603,95,15.755,51.282,66.438,65.458,58.472,100.0,100.0,100.0
247,best_fit,12,2.0,300.0,8.0,603,118,19.569,73.504,78.177,73.115,45.531,100.0,100.0,100.0
248,latency_slack,12,2.0,300.0,8.0,603,85,14.096,47.863,57.979,57.708,63.146,100.0,100.0,100.0
249,edge_first,13,2.0,300.0,8.0,600,114,19.0,72.566,78.521,79.417,38.625,100.0,100.0,100.0
250,least_loaded,13,2.0,300.0,8.0,600,95,15.833,53.097,62.99,65.365,51.868,100.0,100.0,100.0
251,best_fit,13,2.0,300.0,8.0,600,122,20.333,70.796,80.031,71.979,37.84,100.0,100.0,100.0
252,latency_slack,13,2.0,300.0,8.0,600,88,14.667,44.248,51.062,58.979,60.917,98.0,100.0,100.0
253,edge_first,14,2.0,300.0,8.0,647,132,20.402,71.667,78.292,78.063,38.976,100.0,100.0,100.0
254,least_loaded,14,2.0,300.0,8.0,647,117,18.083,56.667,66.562,66.25,49.063,100.0,100.0,100.0
255,best_fit,14,2.0,300.0,8.0,647,133,20.556,71.667,76.99,79.438,37.007,100.0,100.0,100.0
256,latency_slack,14,2.0,300.0,8.0,647,101,15.611,55.0,57.958,61.542,58.858,99.0,100.0,100.0
257,edge_first,15,2.0,300.0,8.0,590,116,19.661,71.074,78.354,76.781,47.729,100.0,100.0,100.0
258,least_loaded,15,2.0,300.0,8.0,590,103,17.458,52.893,69.208,65.979,55.691,98.0,100.0,100.0
259,best_fit,15,2.0,300.0,8.0,590,128,21.695,69.421,76.292,69.823,43.361,100.0,100.0,100.0
260,latency_slack,15,2.0,300.0,8.0,590,100,16.949,54.545,69.625,60.5,62.847,99.0,100.0,100.0
261,edge_first,16,2.0,300.0,8.0,618,119,19.256,67.742,78.302,77.198,37.945,100.0,100.0,100.0
262,least_loaded,16,2.0,300.0,8.0,618,93,15.049,50.0,65.167,66.0,53.08,100.0,100.0,100.0
263,best_fit,16,2.0,300.0,8.0,618,114,18.447,66.935,79.813,74.5,41.174,100.0,100.0,100.0
264,latency_slack,16,2.0,300.0,8.0,618,90,14.563,50.806,65.833,60.938,60.688,100.0,98.0,100.0
265,edge_first,17,2.0,300.0,8.0,617,122,19.773,73.585,76.688,76.459,43.056,100.0,100.0,100.0
266,least_loaded,17,2.0,300.0,8.0,617,103,16.694,46.226,66.312,68.083,56.552,100.0,100.0,100.0
267,best_fit,17,2.0,300.0,8.0,617,126,20.421,68.868,69.385,80.396,45.653,100.0,100.0,100.0
268,latency_slack,17,2.0,300.0,8.0,617,98,15.883,50.943,62.312,60.958,61.628,100.0,100.0,100.0
269,edge_first,18,2.0,300.0,8.0,584,119,20.377,74.419,77.042,73.026,39.191,100.0,100.0,100.0
270,least_loaded,18,2.0,300.0,8.0,584,99,16.952,48.837,65.167,65.99,51.5,100.0,100.0,100.0
271,best_fit,18,2.0,300.0,8.0,584,125,21.404,77.519,78.562,73.198,35.538,100.0,100.0,100.0
272,latency_slack,18,2.0,300.0,8.0,584,92,15.753,47.287,62.438,58.771,56.972,99.0,100.0,100.0
273,edge_first,19,2.0,300.0,8.0,581,115,19.793,76.106,80.417,74.646,40.841,100.0,100.0,100.0
274,least_loaded,19,2.0,300.0,8.0,581,95,16.351,44.248,70.698,62.844,55.819,100.0,100.0,100.0
275,best_fit,19,2.0,300.0,8.0,581,114,19.621,70.796,74.167,72.886,41.417,100.0,100.0,100.0
276,latency_slack,19,2.0,300.0,8.0,581,81,13.941,40.708,65.812,54.021,60.83,100.0,100.0,100.0
277,edge_first,20,2.0,300.0,8.0,581,117,20.138,75.397,75.948,76.875,35.833,100.0,100.0,100.0
278,least_loaded,20,2.0,300.0,8.0,581,93,16.007,54.762,66.219,67.312,52.146,100.0,100.0,100.0
279,best_fit,20,2.0,300.0,8.0,581,132,22.719,79.365,79.781,74.292,31.5,100.0,100.0,100.0
280,latency_slack,20,2.0,300.0,8.0,581,85,14.63,49.206,58.396,67.0,60.458,100.0,100.0,100.0
281,edge_first,21,2.0,300.0,8.0,563,108,19.183,71.028,77.156,80.427,41.271,100.0,100.0,100.0
282,least_loaded,21,2.0,300.0,8.0,563,75,13.321,43.925,65.396,63.229,55.052,100.0,99.0,100.0
283,best_fit,21,2.0,300.0,8.0,563,100,17.762,69.159,74.823,73.594,39.569,100.0,100.0,100.0
284,latency_slack,21,2.0,300.0,8.0,563,67,11.901,42.056,61.667,58.812,61.375,100.0,100.0,100.0
285,edge_first,22,2.0,300.0,8.0,594,127,21.38,75.188,79.062,76.838,39.541,100.0,100.0,100.0
286,least_loaded,22,2.0,300.0,8.0,594,108,18.182,57.895,63.396,67.708,52.115,100.0,100.0,100.0
287,best_fit,22,2.0,300.0,8.0,594,133,22.391,70.677,72.271,76.521,40.716,100.0,100.0,100.0
288,latency_slack,22,2.0,300.0,8.0,594,95,15.993,51.88,60.25,65.021,61.361,99.0,100.0,100.0
289,edge_first,23,2.0,300.0,8.0,587,108,18.399,65.517,77.625,77.344,38.156,100.0,100.0,100.0
290,least_loaded,23,2.0,300.0,8.0,587,98,16.695,50.862,62.615,66.917,52.278,97.0,100.0,100.0
291,best_fit,23,2.0,300.0,8.0,587,118,20.102,64.655,71.198,75.417,38.511,100.0,100.0,100.0
292,latency_slack,23,2.0,300.0,8.0,587,85,14.48,38.793,53.562,66.229,58.663,100.0,99.0,100.0
293,edge_first,24,2.0,300.0,8.0,594,117,19.697,74.59,76.729,77.437,32.958,100.0,100.0,100.0
294,least_loaded,24,2.0,300.0,8.0,594,88,14.815,49.18,64.895,60.521,54.007,100.0,100.0,100.0
295,best_fit,24,2.0,300.0,8.0,594,114,19.192,68.033,73.896,75.771,38.91,100.0,100.0,100.0
296,latency_slack,24,2.0,300.0,8.0,594,69,11.616,37.705,54.625,54.104,62.715,98.0,100.0,100.0
297,edge_first,25,2.0,300.0,8.0,597,128,21.441,71.756,81.792,74.083,39.5,100.0,100.0,100.0
298,least_loaded,25,2.0,300.0,8.0,597,116,19.43,58.015,68.188,62.385,53.267,100.0,97.0,100.0
299,best_fit,25,2.0,300.0,8.0,597,133,22.278,70.992,82.75,77.49,36.973,100.0,100.0,90.0
300,latency_slack,25,2.0,300.0,8.0,597,102,17.085,51.145,64.656,58.104,58.726,100.0,97.0,100.0
301,edge_first,26,2.0,300.0,8.0,622,145,23.312,79.699,80.875,78.146,46.167,100.0,100.0,100.0
302,least_loaded,26,2.0,300.0,8.0,622,106,17.042,57.143,67.969,66.532,60.847,100.0,100.0,100.0
303,best_fit,26,2.0,300.0,8.0,622,135,21.704,71.429,76.385,76.844,44.802,100.0,100.0,100.0
304,latency_slack,26,2.0,300.0,8.0,622,84,13.505,39.85,59.75,62.208,65.476,99.0,100.0,100.0
305,edge_first,27,2.0,300.0,8.0,576,109,18.924,69.421,75.75,78.656,32.938,100.0,100.0,100.0
306,least_loaded,27,2.0,300.0,8.0,576,82,14.236,45.455,63.979,63.104,49.514,100.0,97.0,100.0
307,best_fit,27,2.0,300.0,8.0,576,113,19.618,72.727,77.073,72.531,32.264,100.0,100.0,100.0
308,latency_slack,27,2.0,300.0,8.0,576,75,13.021,39.669,51.583,57.875,56.111,100.0,100.0,100.0
309,edge_first,28,2.0,300.0,8.0,618,124,20.065,69.672,77.406,76.354,41.622,100.0,100.0,100.0
310,least_loaded,28,2.0,300.0,8.0,618,103,16.667,50.0,68.771,62.573,51.774,99.0,100.0,100.0
311,best_fit,28,2.0,300.0,8.0,618,125,20.227,74.59,73.24,75.604,40.993,100.0,100.0,100.0
312,latency_slack,28,2.0,300.0,8.0,618,101,16.343,52.459,66.417,61.229,60.069,99.0,100.0,100.0
313,edge_first,29,2.0,300.0,8.0,609,120,19.704,70.588,75.657,74.021,38.305,100.0,100.0,100.0
314,least_loaded,29,2.0,300.0,8.0,609,103,16.913,54.622,67.031,59.094,50.458,100.0,100.0,100.0
315,best_fit,29,2.0,300.0,8.0,609,131,21.511,73.95,78.167,72.198,35.91,100.0,100.0,100.0
316,latency_slack,29,2.0,300.0,8.0,609,92,15.107,47.899,66.198,51.958,58.021,100.0,99.0,100.0
317,edge_first,30,2.0,300.0,8.0,589,103,17.487,67.227,71.719,72.625,42.868,100.0,100.0,100.0
318,least_loaded,30,2.0,300.0,8.0,589,95,16.129,49.58,58.562,61.615,51.024,100.0,100.0,100.0
319,best_fit,30,2.0,300.0,8.0,589,100,16.978,61.345,72.167,71.24,41.083,100.0,100.0,100.0
320,latency_slack,30,2.0,300.0,8.0,589,81,13.752,39.496,53.729,56.771,56.959,100.0,100.0,100.0
321,edge_first,31,2.0,300.0,8.0,624,113,18.109,72.269,79.089,77.563,33.951,100.0,100.0,100.0
322,least_loaded,31,2.0,300.0,8.0,624,96,15.385,49.58,66.511,65.146,51.219,99.0,100.0,100.0
323,best_fit,31,2.0,300.0,8.0,624,113,18.109,72.269,73.864,73.073,35.785,100.0,100.0,100.0
324,latency_slack,31,2.0,300.0,8.0,624,80,12.821,40.336,61.292,62.677,58.431,100.0,100.0,100.0
325,edge_first,32,2.0,300.0,8.0,607,103,16.969,69.912,77.854,72.417,38.535,100.0,100.0,100.0
326,least_loaded,32,2.0,300.0,8.0,607,97,15.98,44.248,67.854,62.583,51.705,99.0,100.0,100.0
327,best_fit,32,2.0,300.0,8.0,607,108,17.792,63.717,77.729,73.021,39.75,100.0,100.0,100.0
328,latency_slack,32,2.0,300.0,8.0,607,81,13.344,39.823,60.083,61.688,55.969,100.0,99.0,100.0
329,edge_first,33,2.0,300.0,8.0,571,112,19.615,72.566,72.885,81.167,37.59,100.0,100.0,100.0
330,least_loaded,33,2.0,300.0,8.0,571,93,16.287,56.637,62.511,66.771,50.941,100.0,99.0,100.0
331,best_fit,33,2.0,300.0,8.0,571,112,19.615,73.451,72.354,78.615,41.229,100.0,100.0,100.0
332,latency_slack,33,2.0,300.0,8.0,571,70,12.259,43.363,59.5,62.396,60.328,99.0,99.0,100.0
333,edge_first,34,2.0,300.0,8.0,570,111,19.474,68.8,73.75,79.677,40.868,100.0,100.0,100.0
334,least_loaded,34,2.0,300.0,8.0,570,102,17.895,49.6,66.479,66.0,52.427,100.0,99.0,100.0
335,best_fit,34,2.0,300.0,8.0,570,116,20.351,71.2,77.917,73.375,41.097,100.0,100.0,100.0
336,latency_slack,34,2.0,300.0,8.0,570,96,16.842,45.6,58.438,62.917,57.639,99.0,99.0,100.0
337,edge_first,35,2.0,300.0,8.0,566,132,23.322,73.984,74.208,73.552,46.347,100.0,100.0,100.0
338,least_loaded,35,2.0,300.0,8.0,566,114,20.141,60.163,68.781,66.292,57.271,100.0,100.0,100.0
339,best_fit,35,2.0,300.0,8.0,566,126,22.261,67.48,76.583,76.094,52.33,100.0,100.0,95.0
340,latency_slack,35,2.0,300.0,8.0,566,100,17.668,51.22,63.938,60.75,63.563,100.0,99.0,100.0
341,edge_first,36,2.0,300.0,8.0,609,129,21.182,74.419,76.208,76.937,40.101,100.0,100.0,100.0
342,least_loaded,36,2.0,300.0,8.0,609,116,19.048,56.589,67.812,63.656,51.351,100.0,100.0,100.0
343,best_fit,36,2.0,300.0,8.0,609,128,21.018,72.093,78.333,71.906,44.438,100.0,100.0,100.0
344,latency_slack,36,2.0,300.0,8.0,609,95,15.599,51.938,65.031,58.583,63.771,100.0,100.0,100.0
345,edge_first,37,2.0,300.0,8.0,610,134,21.967,78.151,74.969,77.521,40.646,100.0,100.0,100.0
346,least_loaded,37,2.0,300.0,8.0,610,113,18.525,54.622,62.979,66.042,54.711,100.0,100.0,77.5
347,best_fit,37,2.0,300.0,8.0,610,131,21.475,72.269,75.281,74.833,43.549,100.0,100.0,97.5
348,latency_slack,37,2.0,300.0,8.0,610,103,16.885,49.58,55.354,60.75,63.227,99.0,100.0,100.0
349,edge_first,38,2.0,300.0,8.0,603,134,22.222,77.099,80.083,74.562,33.326,100.0,100.0,100.0
350,least_loaded,38,2.0,300.0,8.0,603,111,18.408,52.672,66.292,65.875,48.573,100.0,100.0,100.0
351,best_fit,38,2.0,300.0,8.0,603,126,20.896,69.466,77.24,70.396,35.931,100.0,100.0,100.0
352,latency_slack,38,2.0,300.0,8.0,603,96,15.92,48.855,59.792,58.688,54.396,100.0,100.0,100.0
353,edge_first,39,2.0,300.0,8.0,599,123,20.534,72.881,76.792,78.75,36.327,100.0,100.0,100.0
354,least_loaded,39,2.0,300.0,8.0,599,94,15.693,51.695,64.406,67.302,54.573,100.0,100.0,100.0
355,best_fit,39,2.0,300.0,8.0,599,118,19.699,72.881,75.167,75.786,38.555,100.0,100.0,100.0
356,latency_slack,39,2.0,300.0,8.0,599,83,13.856,44.068,58.188,64.875,59.195,100.0,100.0,100.0
357,edge_first,40,2.0,300.0,8.0,593,114,19.224,67.29,71.708,71.906,41.143,100.0,100.0,100.0
358,least_loaded,40,2.0,300.0,8.0,593,104,17.538,60.748,61.896,60.708,51.91,100.0,100.0,100.0
359,best_fit,40,2.0,300.0,8.0,593,122,20.573,66.355,70.958,71.458,39.0,100.0,100.0,100.0
360,latency_slack,40,2.0,300.0,8.0,593,103,17.369,55.14,61.417,62.812,53.101,100.0,100.0,100.0
361,edge_first,41,2.0,300.0,8.0,604,125,20.695,73.529,75.073,79.896,49.535,100.0,100.0,100.0
362,least_loaded,41,2.0,300.0,8.0,604,109,18.046,58.824,66.0,66.062,56.371,100.0,100.0,100.0
363,best_fit,41,2.0,300.0,8.0,604,114,18.874,66.912,75.323,74.448,49.118,100.0,100.0,100.0
364,latency_slack,41,2.0,300.0,8.0,604,97,16.06,50.735,62.875,61.062,66.26,100.0,100.0,100.0
365,edge_first,42,2.0,300.0,8.0,629,138,21.94,75.969,78.448,79.667,38.875,100.0,100.0,100.0
366,least_loaded,42,2.0,300.0,8.0,629,111,17.647,53.488,68.271,66.292,56.188,100.0,98.0,100.0
367,best_fit,42,2.0,300.0,8.0,629,141,22.417,76.744,79.75,76.422,37.91,100.0,100.0,100.0
368,latency_slack,42,2.0,300.0,8.0,629,99,15.739,48.062,63.0,62.771,64.674,100.0,100.0,100.0
369,edge_first,43,2.0,300.0,8.0,614,134,21.824,73.438,76.792,80.667,34.975,100.0,100.0,100.0
370,least_loaded,43,2.0,300.0,8.0,614,113,18.404,50.0,65.448,67.792,51.733,100.0,99.0,100.0
371,best_fit,43,2.0,300.0,8.0,614,130,21.173,67.969,76.417,77.416,37.458,100.0,100.0,100.0
372,latency_slack,43,2.0,300.0,8.0,614,101,16.45,49.219,56.542,70.208,57.524,100.0,99.0,100.0
373,edge_first,44,2.0,300.0,8.0,605,111,18.347,77.869,76.24,78.74,41.791,100.0,100.0,100.0
374,least_loaded,44,2.0,300.0,8.0,605,90,14.876,55.738,62.823,65.625,50.882,99.0,100.0,100.0
375,best_fit,44,2.0,300.0,8.0,605,115,19.008,74.59,68.177,80.698,40.497,100.0,100.0,97.5
376,latency_slack,44,2.0,300.0,8.0,605,81,13.388,45.902,56.917,63.646,59.09,99.0,97.0,100.0
377,edge_first,45,2.0,300.0,8.0,576,99,17.188,66.667,71.615,73.792,34.84,90.0,100.0,100.0
378,least_loaded,45,2.0,300.0,8.0,576,84,14.583,47.5,62.667,63.672,48.142,100.0,100.0,100.0
379,best_fit,45,2.0,300.0,8.0,576,107,18.576,66.667,76.271,74.021,35.57,91.0,100.0,100.0
380,latency_slack,45,2.0,300.0,8.0,576,74,12.847,39.167,56.312,57.469,54.458,100.0,99.0,100.0
381,edge_first,46,2.0,300.0,8.0,608,110,18.092,68.644,76.521,75.469,43.111,100.0,100.0,100.0
382,least_loaded,46,2.0,300.0,8.0,608,99,16.283,52.542,63.719,65.958,51.754,100.0,100.0,100.0
383,best_fit,46,2.0,300.0,8.0,608,129,21.217,75.424,74.26,72.99,40.611,100.0,100.0,100.0
384,latency_slack,46,2.0,300.0,8.0,608,94,15.461,50.847,69.438,58.812,55.01,100.0,100.0,100.0
385,edge_first,47,2.0,300.0,8.0,595,101,16.975,75.0,77.823,78.396,38.229,100.0,100.0,100.0
386,least_loaded,47,2.0,300.0,8.0,595,89,14.958,48.148,62.396,66.0,54.274,100.0,100.0,100.0
387,best_fit,47,2.0,300.0,8.0,595,109,18.319,68.519,71.635,72.917,39.382,100.0,100.0,100.0
388,latency_slack,47,2.0,300.0,8.0,595,70,11.765,41.667,56.562,56.979,59.032,100.0,98.0,100.0
389,edge_first,48,2.0,300.0,8.0,590,115,19.492,69.231,74.677,77.875,43.792,100.0,100.0,100.0
390,least_loaded,48,2.0,300.0,8.0,590,104,17.627,53.077,64.146,66.823,51.677,99.0,100.0,100.0
391,best_fit,48,2.0,300.0,8.0,590,117,19.831,65.385,75.625,77.276,38.382,100.0,100.0,100.0
392,latency_slack,48,2.0,300.0,8.0,590,86,14.576,41.538,59.667,57.938,60.083,100.0,100.0,100.0
393,edge_first,49,2.0,300.0,8.0,603,118,19.569,73.684,73.833,74.937,37.347,100.0,100.0,100.0
394,least_loaded,49,2.0,300.0,8.0,603,96,15.92,51.88,61.625,63.438,51.757,100.0,100.0,100.0
395,best_fit,49,2.0,300.0,8.0,603,122,20.232,72.932,75.083,69.365,39.302,100.0,100.0,100.0
396,latency_slack,49,2.0,300.0,8.0,603,82,13.599,44.361,59.188,52.688,59.625,99.0,97.0,100.0
397,edge_first,50,2.0,300.0,8.0,572,97,16.958,73.333,72.417,72.771,40.278,100.0,100.0,100.0
398,least_loaded,50,2.0,300.0,8.0,572,75,13.112,46.667,61.25,63.188,54.393,100.0,100.0,100.0
399,best_fit,50,2.0,300.0,8.0,572,95,16.608,68.571,73.75,71.562,41.816,100.0,100.0,95.0
400,latency_slack,50,2.0,300.0,8.0,572,66,11.538,43.81,53.375,54.417,61.33,100.0,99.0,100.0
401,edge_first,1,4.0,300.0,8.0,1200,421,35.083,91.416,85.813,85.01,62.757,100.0,100.0,100.0
402,least_loaded,1,4.0,300.0,8.0,1200,372,31.0,82.403,78.027,77.917,71.443,100.0,99.0,100.0
403,best_fit,1,4.0,300.0,8.0,1200,426,35.5,89.27,87.084,83.031,66.757,100.0,100.0,100.0
404,latency_slack,1,4.0,300.0,8.0,1200,361,30.083,74.249,78.917,78.688,78.147,100.0,100.0,100.0
405,edge_first,2,4.0,300.0,8.0,1195,411,34.393,88.031,84.833,84.522,61.674,100.0,100.0,100.0
406,least_loaded,2,4.0,300.0,8.0,1195,393,32.887,81.081,79.23,77.708,73.924,100.0,100.0,97.5
407,best_fit,2,4.0,300.0,8.0,1195,409,34.226,84.556,86.365,85.219,63.271,100.0,100.0,97.5
408,latency_slack,2,4.0,300.0,8.0,1195,374,31.297,77.22,80.0,75.5,79.42,100.0,100.0,100.0
409,edge_first,3,4.0,300.0,8.0,1261,440,34.893,92.941,85.25,88.333,64.302,100.0,100.0,100.0
410,least_loaded,3,4.0,300.0,8.0,1261,443,35.131,84.314,79.708,77.708,73.639,100.0,100.0,90.0
411,best_fit,3,4.0,300.0,8.0,1261,450,35.686,87.451,86.167,83.563,70.246,100.0,100.0,100.0
412,latency_slack,3,4.0,300.0,8.0,1261,412,32.672,77.647,76.479,76.875,81.759,100.0,100.0,100.0
413,edge_first,4,4.0,300.0,8.0,1211,417,34.434,90.517,87.255,88.719,66.441,100.0,100.0,97.5
414,least_loaded,4,4.0,300.0,8.0,1211,386,31.874,81.897,78.333,78.344,74.039,100.0,100.0,100.0
415,best_fit,4,4.0,300.0,8.0,1211,431,35.59,86.638,86.729,84.615,68.66,100.0,100.0,97.5
416,latency_slack,4,4.0,300.0,8.0,1211,384,31.709,70.259,80.198,77.271,80.656,100.0,100.0,100.0
417,edge_first,5,4.0,300.0,8.0,1205,401,33.278,88.235,87.511,85.281,63.032,100.0,100.0,100.0
418,least_loaded,5,4.0,300.0,8.0,1205,378,31.369,83.258,81.479,78.0,71.845,100.0,100.0,100.0
419,best_fit,5,4.0,300.0,8.0,1205,406,33.693,83.258,88.698,80.208,67.178,100.0,100.0,100.0
420,latency_slack,5,4.0,300.0,8.0,1205,358,29.71,72.398,78.74,74.865,78.575,100.0,100.0,100.0
421,edge_first,6,4.0,300.0,8.0,1165,408,35.021,90.574,83.448,87.406,60.091,100.0,100.0,100.0
422,least_loaded,6,4.0,300.0,8.0,1165,364,31.245,82.787,75.344,76.781,72.459,100.0,100.0,97.5
423,best_fit,6,4.0,300.0,8.0,1165,386,33.133,83.607,83.677,85.302,63.539,100.0,100.0,100.0
424,latency_slack,6,4.0,300.0,8.0,1165,335,28.755,69.262,71.917,74.073,77.311,100.0,99.0,100.0
425,edge_first,7,4.0,300.0,8.0,1188,369,31.061,89.787,87.4,85.458,62.285,100.0,100.0,100.0
426,least_loaded,7,4.0,300.0,8.0,1188,354,29.798,82.553,80.562,77.031,74.038,100.0,100.0,80.0
427,best_fit,7,4.0,300.0,8.0,1188,371,31.229,88.936,86.75,87.281,64.601,100.0,100.0,95.0
428,latency_slack,7,4.0,300.0,8.0,1188,328,27.609,68.085,78.979,74.688,78.556,100.0,100.0,100.0
429,edge_first,8,4.0,300.0,8.0,1220,374,30.656,88.412,86.005,85.917,61.736,100.0,100.0,100.0
430,least_loaded,8,4.0,300.0,8.0,1220,343,28.115,77.253,76.302,77.433,73.726,100.0,100.0,100.0
431,best_fit,8,4.0,300.0,8.0,1220,371,30.41,84.979,87.032,86.282,65.42,100.0,100.0,100.0
432,latency_slack,8,4.0,300.0,8.0,1220,338,27.705,72.103,73.0,79.177,79.779,100.0,100.0,100.0
433,edge_first,9,4.0,300.0,8.0,1255,480,38.247,91.321,87.26,86.979,69.507,100.0,100.0,100.0
434,least_loaded,9,4.0,300.0,8.0,1255,429,34.183,80.755,79.084,80.916,74.552,100.0,100.0,100.0
435,best_fit,9,4.0,300.0,8.0,1255,457,36.414,85.283,86.406,84.469,65.799,100.0,100.0,97.5
436,latency_slack,9,4.0,300.0,8.0,1255,411,32.749,75.472,76.708,77.208,79.818,100.0,100.0,100.0
437,edge_first,10,4.0,300.0,8.0,1237,454,36.702,88.797,85.057,86.469,70.972,100.0,100.0,100.0
438,least_loaded,10,4.0,300.0,8.0,1237,414,33.468,78.838,81.625,78.708,76.005,100.0,100.0,100.0
439,best_fit,10,4.0,300.0,8.0,1237,452,36.54,83.817,85.531,87.729,69.219,100.0,100.0,100.0
440,latency_slack,10,4.0,300.0,8.0,1237,431,34.842,77.593,77.896,81.917,79.371,100.0,100.0,100.0
441,edge_first,11,4.0,300.0,8.0,1208,446,36.921,90.756,85.75,86.219,64.486,100.0,100.0,100.0
442,least_loaded,11,4.0,300.0,8.0,1208,412,34.106,81.513,78.943,82.281,74.545,100.0,100.0,100.0
443,best_fit,11,4.0,300.0,8.0,1208,447,37.003,87.395,89.115,88.208,63.052,100.0,100.0,100.0
444,latency_slack,11,4.0,300.0,8.0,1208,415,34.354,77.311,77.562,82.104,81.295,100.0,100.0,100.0
445,edge_first,12,4.0,300.0,8.0,1202,431,35.857,90.265,87.385,83.844,65.07,100.0,100.0,100.0
446,least_loaded,12,4.0,300.0,8.0,1202,398,33.111,81.858,79.938,77.698,71.328,100.0,100.0,100.0
447,best_fit,12,4.0,300.0,8.0,1202,428,35.607,82.743,85.073,84.969,71.389,100.0,100.0,100.0
448,latency_slack,12,4.0,300.0,8.0,1202,407,33.86,80.531,76.562,80.354,78.222,100.0,100.0,100.0
449,edge_first,13,4.0,300.0,8.0,1179,420,35.623,90.076,85.625,86.167,64.392,100.0,100.0,100.0
450,least_loaded,13,4.0,300.0,8.0,1179,382,32.4,80.916,79.073,80.073,74.569,100.0,100.0,100.0
451,best_fit,13,4.0,300.0,8.0,1179,401,34.012,87.786,84.511,85.438,65.9,100.0,100.0,100.0
452,latency_slack,13,4.0,300.0,8.0,1179,392,33.249,75.573,76.906,79.542,77.302,100.0,100.0,100.0
453,edge_first,14,4.0,300.0,8.0,1217,381,31.306,89.333,86.25,87.938,57.552,100.0,100.0,100.0
454,least_loaded,14,4.0,300.0,8.0,1217,373,30.649,80.889,78.98,78.989,73.184,100.0,100.0,97.5
455,best_fit,14,4.0,300.0,8.0,1217,371,30.485,84.889,84.376,84.813,63.538,100.0,100.0,100.0
456,latency_slack,14,4.0,300.0,8.0,1217,345,28.348,72.0,76.688,75.438,77.504,100.0,100.0,100.0
457,edge_first,15,4.0,300.0,8.0,1212,456,37.624,89.683,85.594,86.438,63.104,100.0,100.0,100.0
458,least_loaded,15,4.0,300.0,8.0,1212,408,33.663,84.524,79.906,79.188,72.396,100.0,100.0,100.0
459,best_fit,15,4.0,300.0,8.0,1212,430,35.479,83.333,87.656,81.594,71.108,100.0,100.0,100.0
460,latency_slack,15,4.0,300.0,8.0,1212,389,32.096,76.587,77.208,75.427,79.282,100.0,100.0,100.0
461,edge_first,16,4.0,300.0,8.0,1208,397,32.864,86.29,86.531,84.719,61.84,100.0,100.0,100.0
462,least_loaded,16,4.0,300.0,8.0,1208,378,31.291,73.387,78.875,79.583,72.792,100.0,100.0,100.0
463,best_fit,16,4.0,300.0,8.0,1208,397,32.864,88.71,87.979,87.167,65.795,100.0,100.0,100.0
464,latency_slack,16,4.0,300.0,8.0,1208,365,30.215,68.548,78.021,76.792,76.017,100.0,100.0,100.0
465,edge_first,17,4.0,300.0,8.0,1138,371,32.601,86.937,83.833,86.844,61.813,100.0,100.0,100.0
466,least_loaded,17,4.0,300.0,8.0,1138,356,31.283,79.279,74.542,78.125,72.972,100.0,100.0,97.5
467,best_fit,17,4.0,300.0,8.0,1138,369,32.425,86.937,83.604,81.813,60.872,100.0,100.0,100.0
468,latency_slack,17,4.0,300.0,8.0,1138,328,28.822,69.82,76.958,79.312,80.545,100.0,99.0,100.0
469,edge_first,18,4.0,300.0,8.0,1185,421,35.527,91.803,86.094,85.688,60.434,100.0,100.0,92.5
470,least_loaded,18,4.0,300.0,8.0,1185,374,31.561,77.869,76.0,78.292,72.459,100.0,99.0,100.0
471,best_fit,18,4.0,300.0,8.0,1185,399,33.671,79.508,84.859,84.729,67.615,100.0,100.0,100.0
472,latency_slack,18,4.0,300.0,8.0,1185,381,32.152,75.0,79.458,78.625,77.632,100.0,99.0,100.0
473,edge_first,19,4.0,300.0,8.0,1190,404,33.95,92.672,86.031,85.823,63.285,100.0,100.0,100.0
474,least_loaded,19,4.0,300.0,8.0,1190,381,32.017,85.345,78.958,79.573,73.417,100.0,100.0,100.0
475,best_fit,19,4.0,300.0,8.0,1190,395,33.193,86.207,85.229,84.495,67.899,100.0,100.0,100.0
476,latency_slack,19,4.0,300.0,8.0,1190,344,28.908,70.69,74.0,75.135,79.767,100.0,100.0,100.0
477,edge_first,20,4.0,300.0,8.0,1277,523,40.955,90.661,87.458,85.479,65.993,100.0,100.0,100.0
478,least_loaded,20,4.0,300.0,8.0,1277,496,38.841,85.214,83.563,80.536,76.247,99.0,100.0,95.0
479,best_fit,20,4.0,300.0,8.0,1277,518,40.564,86.77,88.104,87.333,70.788,100.0,100.0,100.0
480,latency_slack,20,4.0,300.0,8.0,1277,467,36.57,75.875,81.875,78.833,78.913,100.0,100.0,100.0
481,edge_first,21,4.0,300.0,8.0,1205,411,34.108,90.385,83.229,85.046,66.021,100.0,100.0,100.0
482,least_loaded,21,4.0,300.0,8.0,1205,407,33.776,83.077,79.151,78.511,74.021,100.0,100.0,100.0
483,best_fit,21,4.0,300.0,8.0,1205,420,34.855,86.154,84.948,83.562,66.955,100.0,100.0,100.0
484,latency_slack,21,4.0,300.0,8.0,1205,395,32.78,76.923,77.896,74.552,76.873,100.0,100.0,100.0
485,edge_first,22,4.0,300.0,8.0,1153,377,32.697,86.307,86.198,85.854,58.451,100.0,100.0,92.5
486,least_loaded,22,4.0,300.0,8.0,1153,343,29.748,75.104,78.292,75.26,71.667,99.0,100.0,100.0
487,best_fit,22,4.0,300.0,8.0,1153,353,30.616,82.988,86.188,83.917,64.542,100.0,100.0,100.0
488,latency_slack,22,4.0,300.0,8.0,1153,299,25.932,67.635,78.166,73.823,77.404,100.0,100.0,100.0
489,edge_first,23,4.0,300.0,8.0,1218,466,38.259,89.54,87.396,87.844,63.25,100.0,100.0,100.0
490,least_loaded,23,4.0,300.0,8.0,1218,415,34.072,78.243,80.808,77.917,72.962,100.0,100.0,100.0
491,best_fit,23,4.0,300.0,8.0,1218,457,37.521,87.029,89.177,83.885,63.056,100.0,100.0,100.0
492,latency_slack,23,4.0,300.0,8.0,1218,419,34.401,75.314,78.354,79.271,80.132,100.0,100.0,100.0
493,edge_first,24,4.0,300.0,8.0,1218,380,31.199,87.437,85.521,85.604,62.021,100.0,100.0,100.0
494,least_loaded,24,4.0,300.0,8.0,1218,379,31.117,74.372,80.407,79.01,70.908,100.0,100.0,100.0
495,best_fit,24,4.0,300.0,8.0,1218,378,31.034,82.915,83.989,86.583,64.517,100.0,100.0,100.0
496,latency_slack,24,4.0,300.0,8.0,1218,363,29.803,67.839,78.219,76.729,77.552,100.0,100.0,100.0
497,edge_first,25,4.0,300.0,8.0,1144,376,32.867,90.61,84.854,85.688,62.736,100.0,100.0,100.0
498,least_loaded,25,4.0,300.0,8.0,1144,363,31.731,80.751,75.76,78.802,73.719,100.0,100.0,100.0
499,best_fit,25,4.0,300.0,8.0,1144,369,32.255,83.568,84.458,83.625,61.833,100.0,100.0,97.5
500,latency_slack,25,4.0,300.0,8.0,1144,340,29.72,71.831,73.083,76.458,78.944,100.0,100.0,100.0
501,edge_first,26,4.0,300.0,8.0,1253,434,34.637,89.583,86.235,85.292,60.649,100.0,100.0,100.0
502,least_loaded,26,4.0,300.0,8.0,1253,399,31.844,82.5,80.99,79.74,74.684,100.0,100.0,100.0
503,best_fit,26,4.0,300.0,8.0,1253,416,33.2,85.417,86.531,81.74,69.559,100.0,100.0,100.0
504,latency_slack,26,4.0,300.0,8.0,1253,392,31.285,70.833,79.854,77.271,81.208,100.0,100.0,100.0
505,edge_first,27,4.0,300.0,8.0,1209,415,34.326,90.763,87.094,85.354,67.132,100.0,100.0,100.0
506,least_loaded,27,4.0,300.0,8.0,1209,404,33.416,84.739,78.276,82.239,75.816,99.0,100.0,100.0
507,best_fit,27,4.0,300.0,8.0,1209,414,34.243,89.157,86.156,85.844,69.497,100.0,100.0,100.0
508,latency_slack,27,4.0,300.0,8.0,1209,371,30.687,74.297,77.604,75.354,82.327,98.0,100.0,100.0
509,edge_first,28,4.0,300.0,8.0,1174,457,38.927,89.669,84.25,87.531,67.573,100.0,100.0,100.0
510,least_loaded,28,4.0,300.0,8.0,1174,401,34.157,80.165,80.333,78.942,75.309,100.0,100.0,100.0
511,best_fit,28,4.0,300.0,8.0,1174,433,36.882,87.19,85.469,87.229,71.119,100.0,100.0,100.0
512,latency_slack,28,4.0,300.0,8.0,1174,395,33.646,74.38,76.615,78.927,79.872,100.0,100.0,100.0
513,edge_first,29,4.0,300.0,8.0,1216,420,34.539,89.516,87.037,85.865,68.559,100.0,100.0,100.0
514,least_loaded,29,4.0,300.0,8.0,1216,396,32.566,81.452,81.349,81.0,74.965,99.0,100.0,100.0
515,best_fit,29,4.0,300.0,8.0,1216,419,34.457,83.871,87.834,83.0,65.323,100.0,100.0,100.0
516,latency_slack,29,4.0,300.0,8.0,1216,389,31.99,73.79,79.75,75.438,79.28,100.0,100.0,100.0
517,edge_first,30,4.0,300.0,8.0,1219,430,35.275,90.0,86.99,84.656,64.688,100.0,100.0,97.5
518,least_loaded,30,4.0,300.0,8.0,1219,405,33.224,84.783,82.219,79.844,75.524,100.0,100.0,100.0
519,best_fit,30,4.0,300.0,8.0,1219,430,35.275,84.783,86.365,85.386,70.118,100.0,100.0,92.5
520,latency_slack,30,4.0,300.0,8.0,1219,385,31.583,77.826,78.271,77.958,80.768,100.0,100.0,100.0
521,edge_first,31,4.0,300.0,8.0,1196,418,34.95,88.382,87.042,85.407,63.528,100.0,100.0,100.0
522,least_loaded,31,4.0,300.0,8.0,1196,405,33.863,79.253,78.229,80.375,75.302,100.0,100.0,100.0
523,best_fit,31,4.0,300.0,8.0,1196,436,36.455,86.307,86.323,81.5,70.785,100.0,100.0,100.0
524,latency_slack,31,4.0,300.0,8.0,1196,379,31.689,72.614,79.073,77.312,79.99,100.0,100.0,100.0
525,edge_first,32,4.0,300.0,8.0,1232,433,35.146,90.833,85.75,85.927,70.899,100.0,100.0,100.0
526,least_loaded,32,4.0,300.0,8.0,1232,423,34.334,82.083,78.354,77.313,74.896,100.0,100.0,100.0
527,best_fit,32,4.0,300.0,8.0,1232,422,34.253,84.167,86.005,83.914,70.087,100.0,100.0,100.0
528,latency_slack,32,4.0,300.0,8.0,1232,384,31.169,71.667,77.219,74.875,79.295,100.0,100.0,100.0
529,edge_first,33,4.0,300.0,8.0,1204,404,33.555,89.13,84.865,86.094,64.389,100.0,100.0,100.0
530,least_loaded,33,4.0,300.0,8.0,1204,382,31.728,81.739,79.719,77.833,74.716,100.0,100.0,100.0
531,best_fit,33,4.0,300.0,8.0,1204,369,30.648,79.565,85.417,85.938,71.427,100.0,100.0,97.5
532,latency_slack,33,4.0,300.0,8.0,1204,358,29.734,71.739,76.875,76.479,79.899,100.0,100.0,100.0
533,edge_first,34,4.0,300.0,8.0,1229,444,36.127,87.868,86.469,86.73,68.965,100.0,100.0,100.0
534,least_loaded,34,4.0,300.0,8.0,1229,426,34.662,85.294,77.396,78.396,77.809,100.0,99.0,100.0
535,best_fit,34,4.0,300.0,8.0,1229,443,36.046,87.132,88.323,85.875,69.858,100.0,100.0,100.0
536,latency_slack,34,4.0,300.0,8.0,1229,375,30.513,73.162,75.604,79.948,81.737,100.0,100.0,100.0
537,edge_first,35,4.0,300.0,8.0,1219,449,36.833,90.708,86.0,87.298,72.514,100.0,100.0,100.0
538,least_loaded,35,4.0,300.0,8.0,1219,410,33.634,85.398,79.073,80.937,75.976,100.0,100.0,100.0
539,best_fit,35,4.0,300.0,8.0,1219,426,34.947,84.071,83.75,84.406,72.021,100.0,97.0,100.0
540,latency_slack,35,4.0,300.0,8.0,1219,399,32.732,75.221,78.979,82.729,82.212,100.0,100.0,100.0
541,edge_first,36,4.0,300.0,8.0,1167,410,35.133,87.654,87.0,86.652,63.25,100.0,100.0,100.0
542,least_loaded,36,4.0,300.0,8.0,1167,396,33.933,82.716,79.349,80.073,73.712,100.0,100.0,100.0
543,best_fit,36,4.0,300.0,8.0,1167,400,34.276,82.305,85.969,85.198,68.357,100.0,100.0,97.5
544,latency_slack,36,4.0,300.0,8.0,1167,379,32.476,69.547,77.573,83.688,78.458,100.0,100.0,100.0
545,edge_first,37,4.0,300.0,8.0,1223,389,31.807,90.323,86.6,85.474,64.719,100.0,100.0,100.0
546,least_loaded,37,4.0,300.0,8.0,1223,352,28.782,80.242,79.406,77.703,72.913,100.0,100.0,100.0
547,best_fit,37,4.0,300.0,8.0,1223,378,30.908,79.839,87.833,81.657,67.965,100.0,100.0,100.0
548,latency_slack,37,4.0,300.0,8.0,1223,337,27.555,70.161,76.021,74.302,78.76,100.0,100.0,100.0
549,edge_first,38,4.0,300.0,8.0,1253,437,34.876,92.105,87.058,87.495,64.462,100.0,100.0,100.0
550,least_loaded,38,4.0,300.0,8.0,1253,409,32.642,83.772,79.151,78.948,78.337,100.0,100.0,100.0
551,best_fit,38,4.0,300.0,8.0,1253,399,31.844,83.333,85.344,84.802,71.358,100.0,100.0,100.0
552,latency_slack,38,4.0,300.0,8.0,1253,386,30.806,70.175,80.146,79.688,82.193,100.0,100.0,100.0
553,edge_first,39,4.0,300.0,8.0,1220,450,36.885,86.809,86.042,87.719,69.01,100.0,100.0,100.0
554,least_loaded,39,4.0,300.0,8.0,1220,406,33.279,79.149,78.896,80.583,73.358,100.0,100.0,100.0
555,best_fit,39,4.0,300.0,8.0,1220,426,34.918,85.106,84.755,84.906,70.295,100.0,100.0,97.5
556,latency_slack,39,4.0,300.0,8.0,1220,383,31.393,73.191,77.75,77.688,78.924,100.0,100.0,100.0
557,edge_first,40,4.0,300.0,8.0,1168,394,33.733,90.789,86.459,86.542,60.979,100.0,100.0,100.0
558,least_loaded,40,4.0,300.0,8.0,1168,367,31.421,78.07,78.583,79.5,73.722,99.0,100.0,100.0
559,best_fit,40,4.0,300.0,8.0,1168,391,33.476,88.158,87.073,87.115,66.247,100.0,100.0,95.0
560,latency_slack,40,4.0,300.0,8.0,1168,350,29.966,70.614,76.583,77.542,75.587,100.0,100.0,100.0
561,edge_first,41,4.0,300.0,8.0,1165,401,34.421,86.404,85.281,86.094,64.125,100.0,100.0,100.0
562,least_loaded,41,4.0,300.0,8.0,1165,393,33.734,80.263,78.615,79.083,73.87,100.0,100.0,100.0
563,best_fit,41,4.0,300.0,8.0,1165,406,34.85,82.895,81.344,84.886,67.799,100.0,100.0,100.0
564,latency_slack,41,4.0,300.0,8.0,1165,369,31.674,69.737,77.677,80.49,80.101,100.0,99.0,100.0
565,edge_first,42,4.0,300.0,8.0,1196,439,36.706,88.797,86.125,87.391,68.257,100.0,100.0,100.0
566,least_loaded,42,4.0,300.0,8.0,1196,412,34.448,82.158,80.49,80.333,74.139,99.0,100.0,100.0
567,best_fit,42,4.0,300.0,8.0,1196,437,36.538,83.817,85.906,84.761,71.302,100.0,100.0,100.0
568,latency_slack,42,4.0,300.0,8.0,1196,398,33.278,75.934,80.583,80.135,81.697,100.0,100.0,100.0
569,edge_first,43,4.0,300.0,8.0,1210,448,37.025,92.735,85.198,87.073,64.799,100.0,100.0,97.5
570,least_loaded,43,4.0,300.0,8.0,1210,410,33.884,84.188,80.854,81.125,73.979,99.0,100.0,100.0
571,best_fit,43,4.0,300.0,8.0,1210,420,34.711,84.188,87.177,83.49,69.84,100.0,100.0,100.0
572,latency_slack,43,4.0,300.0,8.0,1210,410,33.884,72.65,78.813,79.521,79.955,100.0,100.0,100.0
573,edge_first,44,4.0,300.0,8.0,1255,471,37.53,92.411,85.746,87.698,69.16,100.0,100.0,100.0
574,least_loaded,44,4.0,300.0,8.0,1255,418,33.307,80.804,79.781,81.151,74.502,100.0,100.0,100.0
575,best_fit,44,4.0,300.0,8.0,1255,435,34.661,85.268,87.491,87.219,70.254,100.0,100.0,100.0
576,latency_slack,44,4.0,300.0,8.0,1255,409,32.59,74.554,76.344,79.229,82.014,100.0,100.0,100.0
577,edge_first,45,4.0,300.0,8.0,1217,436,35.826,91.829,87.854,87.271,69.077,100.0,100.0,100.0
578,least_loaded,45,4.0,300.0,8.0,1217,402,33.032,81.323,81.24,79.469,74.851,100.0,100.0,100.0
579,best_fit,45,4.0,300.0,8.0,1217,408,33.525,83.658,86.511,82.552,75.163,100.0,100.0,100.0
580,latency_slack,45,4.0,300.0,8.0,1217,382,31.389,73.541,76.708,77.542,79.559,100.0,100.0,100.0
581,edge_first,46,4.0,300.0,8.0,1233,467,37.875,92.0,87.344,87.459,62.538,100.0,100.0,90.0
582,least_loaded,46,4.0,300.0,8.0,1233,419,33.982,84.0,80.573,80.198,70.877,100.0,100.0,100.0
583,best_fit,46,4.0,300.0,8.0,1233,429,34.793,88.889,87.083,86.885,64.931,100.0,100.0,97.5
584,latency_slack,46,4.0,300.0,8.0,1233,400,32.441,77.778,80.708,78.531,78.677,100.0,100.0,100.0
585,edge_first,47,4.0,300.0,8.0,1179,414,35.115,89.744,85.396,86.219,64.965,100.0,100.0,100.0
586,least_loaded,47,4.0,300.0,8.0,1179,374,31.722,81.197,78.313,78.062,71.615,100.0,100.0,100.0
587,best_fit,47,4.0,300.0,8.0,1179,405,34.351,85.47,83.938,84.739,64.986,99.0,100.0,100.0
588,latency_slack,47,4.0,300.0,8.0,1179,346,29.347,68.803,76.218,75.449,75.824,100.0,100.0,100.0
589,edge_first,48,4.0,300.0,8.0,1205,409,33.942,90.385,85.448,86.646,66.646,100.0,100.0,100.0
590,least_loaded,48,4.0,300.0,8.0,1205,396,32.863,84.231,80.261,78.823,76.288,99.0,100.0,92.5
591,best_fit,48,4.0,300.0,8.0,1205,407,33.776,81.154,82.167,84.166,74.726,100.0,100.0,100.0
592,latency_slack,48,4.0,300.0,8.0,1205,391,32.448,73.846,80.708,76.979,81.344,100.0,100.0,100.0
593,edge_first,49,4.0,300.0,8.0,1168,420,35.959,89.212,84.885,87.719,67.601,100.0,100.0,100.0
594,least_loaded,49,4.0,300.0,8.0,1168,422,36.13,80.913,79.875,79.677,73.309,100.0,100.0,100.0
595,best_fit,49,4.0,300.0,8.0,1168,420,35.959,84.647,87.125,86.927,65.295,100.0,100.0,97.5
596,latency_slack,49,4.0,300.0,8.0,1168,401,34.332,76.763,78.792,83.417,77.597,100.0,100.0,100.0
597,edge_first,50,4.0,300.0,8.0,1241,449,36.18,91.935,88.198,87.782,65.629,100.0,100.0,82.5
598,least_loaded,50,4.0,300.0,8.0,1241,435,35.052,83.065,80.542,81.99,71.267,100.0,100.0,100.0
599,best_fit,50,4.0,300.0,8.0,1241,449,36.18,85.484,86.76,84.594,69.705,100.0,100.0,100.0
600,latency_slack,50,4.0,300.0,8.0,1241,432,34.811,76.613,78.896,80.667,77.667,100.0,100.0,100.0
601,edge_first,1,6.0,300.0,8.0,1770,798,45.085,95.64,89.125,90.715,75.851,100.0,100.0,97.5
602,least_loaded,1,6.0,300.0,8.0,1770,795,44.915,92.151,83.793,83.229,84.694,100.0,100.0,100.0
603,best_fit,1,6.0,300.0,8.0,1770,810,45.763,94.477,89.552,89.953,81.785,100.0,99.0,100.0
604,latency_slack,1,6.0,300.0,8.0,1770,763,43.107,85.756,84.625,82.375,88.212,99.0,100.0,100.0
605,edge_first,2,6.0,300.0,8.0,1804,809,44.845,95.362,89.312,89.188,74.67,100.0,100.0,100.0
606,least_loaded,2,6.0,300.0,8.0,1804,797,44.18,91.014,85.583,84.609,82.944,100.0,100.0,90.0
607,best_fit,2,6.0,300.0,8.0,1804,798,44.235,90.145,89.448,87.052,82.952,100.0,100.0,100.0
608,latency_slack,2,6.0,300.0,8.0,1804,795,44.069,86.087,84.427,84.979,86.917,100.0,100.0,100.0
609,edge_first,3,6.0,300.0,8.0,1762,807,45.8,96.286,88.865,91.453,77.781,100.0,100.0,85.0
610,least_loaded,3,6.0,300.0,8.0,1762,769,43.644,92.857,83.896,83.094,83.924,100.0,99.0,100.0
611,best_fit,3,6.0,300.0,8.0,1762,803,45.573,93.143,90.261,90.594,81.934,100.0,100.0,100.0
612,latency_slack,3,6.0,300.0,8.0,1762,722,40.976,82.571,82.146,81.885,87.767,100.0,100.0,100.0
613,edge_first,4,6.0,300.0,8.0,1727,738,42.733,94.302,89.079,90.021,78.976,100.0,100.0,100.0
614,least_loaded,4,6.0,300.0,8.0,1727,727,42.096,92.593,83.875,83.938,82.203,100.0,100.0,97.5
615,best_fit,4,6.0,300.0,8.0,1727,761,44.065,90.313,90.626,87.563,80.57,100.0,100.0,100.0
616,latency_slack,4,6.0,300.0,8.0,1727,730,42.27,85.47,83.75,83.323,87.738,100.0,100.0,100.0
617,edge_first,5,6.0,300.0,8.0,1853,848,45.764,95.431,91.26,91.698,77.615,100.0,100.0,100.0
618,least_loaded,5,6.0,300.0,8.0,1853,844,45.548,90.355,86.885,86.292,84.394,100.0,99.0,100.0
619,best_fit,5,6.0,300.0,8.0,1853,829,44.738,93.401,89.319,89.656,80.597,100.0,100.0,100.0
620,latency_slack,5,6.0,300.0,8.0,1853,795,42.903,86.802,86.51,85.073,88.681,100.0,98.0,100.0
621,edge_first,6,6.0,300.0,8.0,1778,798,44.882,96.407,89.855,91.812,77.389,100.0,100.0,100.0
622,least_loaded,6,6.0,300.0,8.0,1778,760,42.745,92.216,84.843,83.333,82.74,100.0,100.0,100.0
623,best_fit,6,6.0,300.0,8.0,1778,776,43.645,90.12,90.49,88.448,81.844,100.0,100.0,100.0
624,latency_slack,6,6.0,300.0,8.0,1778,722,40.607,83.234,84.469,85.0,88.236,100.0,100.0,100.0
625,edge_first,7,6.0,300.0,8.0,1758,723,41.126,96.273,88.584,88.365,73.371,100.0,100.0,100.0
626,least_loaded,7,6.0,300.0,8.0,1758,708,40.273,92.857,82.063,84.26,80.2,100.0,100.0,100.0
627,best_fit,7,6.0,300.0,8.0,1758,748,42.548,93.168,88.834,90.359,76.656,100.0,100.0,100.0
628,latency_slack,7,6.0,300.0,8.0,1758,688,39.135,85.404,82.583,84.188,85.827,100.0,100.0,100.0
629,edge_first,8,6.0,300.0,8.0,1782,803,45.062,93.056,89.167,89.641,78.458,100.0,100.0,100.0
630,least_loaded,8,6.0,300.0,8.0,1782,768,43.098,91.111,84.656,83.833,82.828,100.0,100.0,100.0
631,best_fit,8,6.0,300.0,8.0,1782,769,43.154,90.0,88.265,90.177,82.84,100.0,100.0,100.0
632,latency_slack,8,6.0,300.0,8.0,1782,730,40.965,83.056,80.688,83.656,87.502,100.0,99.0,100.0
633,edge_first,9,6.0,300.0,8.0,1773,768,43.316,96.467,90.031,91.302,69.972,100.0,100.0,97.5
634,least_loaded,9,6.0,300.0,8.0,1773,745,42.019,92.391,83.459,83.052,81.653,99.0,100.0,100.0
635,best_fit,9,6.0,300.0,8.0,1773,788,44.444,91.848,89.729,90.844,76.945,100.0,100.0,100.0
636,latency_slack,9,6.0,300.0,8.0,1773,736,41.512,86.957,86.354,84.458,86.301,100.0,100.0,100.0
637,edge_first,10,6.0,300.0,8.0,1835,846,46.104,96.364,88.344,89.256,77.514,100.0,100.0,100.0
638,least_loaded,10,6.0,300.0,8.0,1835,842,45.886,91.169,84.75,84.86,84.215,100.0,99.0,95.0
639,best_fit,10,6.0,300.0,8.0,1835,850,46.322,91.169,89.573,87.761,82.979,100.0,99.0,100.0
640,latency_slack,10,6.0,300.0,8.0,1835,820,44.687,88.312,84.226,85.594,87.137,100.0,100.0,100.0
641,edge_first,11,6.0,300.0,8.0,1843,821,44.547,95.291,89.771,89.219,75.774,100.0,100.0,100.0
642,least_loaded,11,6.0,300.0,8.0,1843,789,42.811,92.244,85.225,83.797,83.222,100.0,100.0,100.0
643,best_fit,11,6.0,300.0,8.0,1843,809,43.896,91.136,90.938,90.542,81.129,100.0,100.0,100.0
644,latency_slack,11,6.0,300.0,8.0,1843,802,43.516,85.042,84.083,84.938,89.067,100.0,100.0,100.0
645,edge_first,12,6.0,300.0,8.0,1778,797,44.826,95.078,88.708,89.813,71.736,100.0,100.0,85.0
646,least_loaded,12,6.0,300.0,8.0,1778,754,42.407,92.487,84.135,82.406,80.084,100.0,100.0,100.0
647,best_fit,12,6.0,300.0,8.0,1778,752,42.295,91.192,88.344,86.917,77.24,100.0,100.0,100.0
648,latency_slack,12,6.0,300.0,8.0,1778,749,42.126,86.269,84.208,84.25,86.722,100.0,100.0,100.0
649,edge_first,13,6.0,300.0,8.0,1759,744,42.297,94.659,88.921,89.302,77.379,100.0,100.0,100.0
650,least_loaded,13,6.0,300.0,8.0,1759,706,40.136,93.175,85.052,83.479,82.292,100.0,100.0,85.0
651,best_fit,13,6.0,300.0,8.0,1759,722,41.046,91.098,88.391,87.88,81.351,100.0,100.0,100.0
652,latency_slack,13,6.0,300.0,8.0,1759,699,39.738,86.053,84.584,82.365,86.32,100.0,100.0,100.0
653,edge_first,14,6.0,300.0,8.0,1772,767,43.284,96.471,90.219,88.229,74.115,100.0,100.0,100.0
654,least_loaded,14,6.0,300.0,8.0,1772,727,41.027,94.118,85.24,83.802,81.164,100.0,100.0,100.0
655,best_fit,14,6.0,300.0,8.0,1772,753,42.494,91.471,89.823,87.829,77.761,100.0,100.0,100.0
656,latency_slack,14,6.0,300.0,8.0,1772,732,41.309,85.588,86.417,81.438,86.559,100.0,100.0,100.0
657,edge_first,15,6.0,300.0,8.0,1801,769,42.699,94.203,89.688,89.74,79.611,100.0,100.0,100.0
658,least_loaded,15,6.0,300.0,8.0,1801,749,41.588,90.145,84.51,83.979,85.217,100.0,100.0,100.0
659,best_fit,15,6.0,300.0,8.0,1801,776,43.087,91.594,89.354,87.063,83.361,100.0,100.0,100.0
660,latency_slack,15,6.0,300.0,8.0,1801,754,41.866,86.377,85.573,86.438,87.562,100.0,100.0,100.0
661,edge_first,16,6.0,300.0,8.0,1812,803,44.316,96.543,90.74,90.406,75.566,100.0,100.0,90.0
662,least_loaded,16,6.0,300.0,8.0,1812,750,41.391,90.957,83.719,83.156,81.934,100.0,100.0,100.0
663,best_fit,16,6.0,300.0,8.0,1812,778,42.936,89.628,90.094,87.828,79.823,99.0,100.0,100.0
664,latency_slack,16,6.0,300.0,8.0,1812,737,40.673,87.766,84.729,83.75,87.127,100.0,100.0,100.0
665,edge_first,17,6.0,300.0,8.0,1851,809,43.706,97.6,90.208,90.224,75.368,99.0,100.0,100.0
666,least_loaded,17,6.0,300.0,8.0,1851,780,42.139,92.533,85.135,85.959,82.0,100.0,100.0,92.5
667,best_fit,17,6.0,300.0,8.0,1851,808,43.652,91.2,89.396,90.49,79.103,100.0,100.0,100.0
668,latency_slack,17,6.0,300.0,8.0,1851,791,42.734,85.333,85.0,85.459,86.505,100.0,100.0,100.0
669,edge_first,18,6.0,300.0,8.0,1758,738,41.98,96.736,90.125,90.042,72.07,100.0,100.0,95.0
670,least_loaded,18,6.0,300.0,8.0,1758,744,42.321,89.614,84.032,83.344,80.65,100.0,100.0,100.0
671,best_fit,18,6.0,300.0,8.0,1758,741,42.15,90.504,90.25,88.25,75.301,100.0,100.0,97.5
672,latency_slack,18,6.0,300.0,8.0,1758,719,40.899,84.866,83.792,84.0,83.879,100.0,100.0,100.0
673,edge_first,19,6.0,300.0,8.0,1827,795,43.514,96.053,89.594,88.854,74.802,100.0,100.0,92.5
674,least_loaded,19,6.0,300.0,8.0,1827,753,41.215,89.737,83.469,84.364,81.406,100.0,100.0,90.0
675,best_fit,19,6.0,300.0,8.0,1827,792,43.35,91.842,86.604,91.177,74.115,100.0,100.0,100.0
676,latency_slack,19,6.0,300.0,8.0,1827,763,41.762,88.947,83.989,84.677,85.118,100.0,100.0,100.0
677,edge_first,20,6.0,300.0,8.0,1775,764,43.042,93.413,89.441,89.791,77.257,100.0,100.0,100.0
678,least_loaded,20,6.0,300.0,8.0,1775,743,41.859,90.419,84.136,84.667,81.974,100.0,100.0,100.0
679,best_fit,20,6.0,300.0,8.0,1775,739,41.634,93.713,89.854,88.365,76.715,100.0,100.0,100.0
680,latency_slack,20,6.0,300.0,8.0,1775,748,42.141,85.928,85.375,83.885,85.806,100.0,100.0,100.0
681,edge_first,21,6.0,300.0,8.0,1796,778,43.318,97.472,90.594,90.553,77.139,100.0,100.0,100.0
682,least_loaded,21,6.0,300.0,8.0,1796,751,41.815,89.888,84.791,82.354,84.229,100.0,100.0,100.0
683,best_fit,21,6.0,300.0,8.0,1796,788,43.875,91.011,91.083,89.979,80.788,100.0,100.0,100.0
684,latency_slack,21,6.0,300.0,8.0,1796,771,42.929,85.112,83.135,83.448,88.025,100.0,100.0,100.0
685,edge_first,22,6.0,300.0,8.0,1823,826,45.31,94.809,90.824,89.278,78.111,100.0,100.0,100.0
686,least_loaded,22,6.0,300.0,8.0,1823,775,42.512,92.623,84.359,83.771,83.038,100.0,100.0,100.0
687,best_fit,22,6.0,300.0,8.0,1823,823,45.145,91.53,90.98,89.808,80.49,100.0,100.0,100.0
688,latency_slack,22,6.0,300.0,8.0,1823,787,43.171,88.251,83.667,86.135,87.686,100.0,100.0,100.0
689,edge_first,23,6.0,300.0,8.0,1871,822,43.934,96.522,90.339,89.198,78.115,100.0,100.0,100.0
690,least_loaded,23,6.0,300.0,8.0,1871,806,43.079,90.725,85.625,84.896,83.82,100.0,100.0,97.5
691,best_fit,23,6.0,300.0,8.0,1871,807,43.132,90.435,89.49,88.083,82.632,100.0,99.0,100.0
692,latency_slack,23,6.0,300.0,8.0,1871,786,42.01,86.087,83.573,87.104,87.379,100.0,100.0,100.0
693,edge_first,24,6.0,300.0,8.0,1791,800,44.668,97.541,90.908,90.51,74.503,100.0,100.0,100.0
694,least_loaded,24,6.0,300.0,8.0,1791,739,41.262,92.077,86.896,83.719,82.003,100.0,100.0,100.0
695,best_fit,24,6.0,300.0,8.0,1791,760,42.434,91.257,88.84,91.011,79.703,100.0,100.0,100.0
696,latency_slack,24,6.0,300.0,8.0,1791,769,42.937,85.519,84.771,85.521,86.798,100.0,100.0,100.0
697,edge_first,25,6.0,300.0,8.0,1755,799,45.527,95.442,89.011,90.574,76.889,100.0,100.0,100.0
698,least_loaded,25,6.0,300.0,8.0,1755,753,42.906,92.225,84.427,84.813,84.011,100.0,100.0,100.0
699,best_fit,25,6.0,300.0,8.0,1755,763,43.476,91.153,89.563,88.511,79.865,100.0,100.0,97.5
700,latency_slack,25,6.0,300.0,8.0,1755,750,42.735,86.595,82.636,83.083,84.662,100.0,100.0,100.0
701,edge_first,26,6.0,300.0,8.0,1756,756,43.052,97.701,89.402,89.59,72.847,100.0,100.0,100.0
702,least_loaded,26,6.0,300.0,8.0,1756,769,43.793,90.805,84.875,83.771,80.518,100.0,100.0,100.0
703,best_fit,26,6.0,300.0,8.0,1756,749,42.654,92.241,88.651,88.355,77.245,100.0,100.0,97.5
704,latency_slack,26,6.0,300.0,8.0,1756,733,41.743,87.356,83.854,83.688,85.961,100.0,100.0,100.0
705,edge_first,27,6.0,300.0,8.0,1783,769,43.13,95.17,88.834,89.937,80.108,100.0,100.0,100.0
706,least_loaded,27,6.0,300.0,8.0,1783,733,41.11,89.205,84.156,84.521,84.1,100.0,99.0,97.5
707,best_fit,27,6.0,300.0,8.0,1783,762,42.737,90.341,89.355,88.698,80.323,100.0,100.0,100.0
708,latency_slack,27,6.0,300.0,8.0,1783,759,42.569,84.659,81.792,85.802,88.052,100.0,100.0,100.0
709,edge_first,28,6.0,300.0,8.0,1734,763,44.002,95.87,88.969,89.448,77.774,100.0,100.0,100.0
710,least_loaded,28,6.0,300.0,8.0,1734,731,42.157,92.625,82.49,83.542,82.483,99.0,100.0,100.0
711,best_fit,28,6.0,300.0,8.0,1734,727,41.926,92.035,88.615,88.958,79.604,100.0,100.0,97.5
712,latency_slack,28,6.0,300.0,8.0,1734,732,42.215,85.546,85.406,84.969,85.75,100.0,100.0,100.0
713,edge_first,29,6.0,300.0,8.0,1892,896,47.357,96.458,89.489,90.631,79.163,100.0,100.0,100.0
714,least_loaded,29,6.0,300.0,8.0,1892,868,45.877,93.46,84.932,84.448,82.009,100.0,100.0,100.0
715,best_fit,29,6.0,300.0,8.0,1892,893,47.199,91.553,88.282,89.167,84.642,100.0,100.0,100.0
716,latency_slack,29,6.0,300.0,8.0,1892,842,44.503,86.649,83.135,85.354,88.028,100.0,100.0,100.0
717,edge_first,30,6.0,300.0,8.0,1729,772,44.65,95.455,88.807,89.625,70.965,100.0,100.0,100.0
718,least_loaded,30,6.0,300.0,8.0,1729,715,41.353,91.193,84.302,81.927,80.014,100.0,100.0,100.0
719,best_fit,30,6.0,300.0,8.0,1729,770,44.534,90.909,89.964,88.417,81.014,100.0,100.0,97.5
720,latency_slack,30,6.0,300.0,8.0,1729,731,42.279,84.943,85.167,83.354,86.61,100.0,100.0,100.0
721,edge_first,31,6.0,300.0,8.0,1862,807,43.34,95.989,89.532,91.167,76.483,100.0,100.0,97.5
722,least_loaded,31,6.0,300.0,8.0,1862,791,42.481,91.404,83.646,84.885,82.774,100.0,100.0,97.5
723,best_fit,31,6.0,300.0,8.0,1862,821,44.092,91.691,91.192,87.979,79.778,100.0,100.0,100.0
724,latency_slack,31,6.0,300.0,8.0,1862,814,43.716,87.966,82.396,85.812,87.345,100.0,100.0,100.0
725,edge_first,32,6.0,300.0,8.0,1752,774,44.178,94.767,89.844,90.594,75.524,100.0,100.0,100.0
726,least_loaded,32,6.0,300.0,8.0,1752,756,43.151,93.605,85.719,83.839,81.542,100.0,100.0,100.0
727,best_fit,32,6.0,300.0,8.0,1752,748,42.694,89.244,87.412,89.25,80.247,100.0,100.0,100.0
728,latency_slack,32,6.0,300.0,8.0,1752,726,41.438,86.919,83.281,81.99,87.047,100.0,100.0,100.0
729,edge_first,33,6.0,300.0,8.0,1895,827,43.641,96.419,91.49,89.927,74.368,100.0,100.0,85.0
730,least_loaded,33,6.0,300.0,8.0,1895,821,43.325,92.583,85.677,84.865,81.887,100.0,100.0,97.5
731,best_fit,33,6.0,300.0,8.0,1895,804,42.427,92.327,90.125,89.844,78.821,99.0,100.0,97.5
732,latency_slack,33,6.0,300.0,8.0,1895,819,43.219,87.212,85.76,82.479,85.729,100.0,100.0,100.0
733,edge_first,34,6.0,300.0,8.0,1789,806,45.053,97.587,89.656,90.375,77.302,100.0,100.0,95.0
734,least_loaded,34,6.0,300.0,8.0,1789,790,44.159,95.174,84.505,83.838,81.493,100.0,99.0,100.0
735,best_fit,34,6.0,300.0,8.0,1789,781,43.656,91.153,87.646,88.146,80.257,100.0,100.0,100.0
736,latency_slack,34,6.0,300.0,8.0,1789,793,44.326,83.646,82.844,84.583,87.504,100.0,100.0,100.0
737,edge_first,35,6.0,300.0,8.0,1784,807,45.235,95.349,90.427,89.74,76.76,100.0,100.0,100.0
738,least_loaded,35,6.0,300.0,8.0,1784,757,42.433,92.151,85.75,85.511,85.451,100.0,100.0,100.0
739,best_fit,35,6.0,300.0,8.0,1784,771,43.217,92.442,89.229,88.604,81.149,100.0,100.0,100.0
740,latency_slack,35,6.0,300.0,8.0,1784,756,42.377,87.209,84.854,81.854,89.434,100.0,100.0,100.0
741,edge_first,36,6.0,300.0,8.0,1773,794,44.783,95.317,90.445,90.448,75.886,100.0,100.0,90.0
742,least_loaded,36,6.0,300.0,8.0,1773,758,42.752,93.113,85.302,84.49,81.741,100.0,100.0,95.0
743,best_fit,36,6.0,300.0,8.0,1773,774,43.655,91.46,88.407,89.328,79.924,100.0,100.0,100.0
744,latency_slack,36,6.0,300.0,8.0,1773,771,43.486,85.675,84.167,83.667,88.893,100.0,100.0,100.0
745,edge_first,37,6.0,300.0,8.0,1748,709,40.561,93.557,88.875,89.212,78.979,100.0,100.0,100.0
746,least_loaded,37,6.0,300.0,8.0,1748,672,38.444,88.515,83.047,83.604,80.632,100.0,100.0,92.5
747,best_fit,37,6.0,300.0,8.0,1748,704,40.275,89.356,88.386,89.51,79.056,100.0,100.0,100.0
748,latency_slack,37,6.0,300.0,8.0,1748,681,38.959,81.793,79.802,82.25,84.915,100.0,100.0,100.0
749,edge_first,38,6.0,300.0,8.0,1818,786,43.234,96.034,90.386,89.219,74.767,100.0,100.0,100.0
750,least_loaded,38,6.0,300.0,8.0,1818,743,40.869,92.068,84.906,83.875,80.144,100.0,100.0,100.0
751,best_fit,38,6.0,300.0,8.0,1818,771,42.409,92.635,90.37,90.542,74.934,100.0,100.0,95.0
752,latency_slack,38,6.0,300.0,8.0,1818,743,40.869,89.235,87.354,84.011,88.29,100.0,100.0,100.0
753,edge_first,39,6.0,300.0,8.0,1837,814,44.311,96.953,90.792,90.417,75.41,100.0,100.0,100.0
754,least_loaded,39,6.0,300.0,8.0,1837,783,42.624,91.69,86.062,84.177,83.025,100.0,99.0,100.0
755,best_fit,39,6.0,300.0,8.0,1837,822,44.747,90.582,90.635,88.333,79.038,100.0,100.0,100.0
756,latency_slack,39,6.0,300.0,8.0,1837,755,41.1,86.15,84.656,84.167,88.578,99.0,100.0,100.0
757,edge_first,40,6.0,300.0,8.0,1804,806,44.678,96.296,88.733,90.104,75.754,100.0,100.0,100.0
758,least_loaded,40,6.0,300.0,8.0,1804,772,42.794,89.174,82.182,81.333,81.372,100.0,100.0,100.0
759,best_fit,40,6.0,300.0,8.0,1804,791,43.847,91.168,89.271,91.073,77.58,100.0,100.0,100.0
760,latency_slack,40,6.0,300.0,8.0,1804,752,41.685,86.895,84.271,83.188,86.874,100.0,100.0,100.0
761,edge_first,41,6.0,300.0,8.0,1807,849,46.984,93.372,90.427,90.823,76.305,100.0,100.0,100.0
762,least_loaded,41,6.0,300.0,8.0,1807,797,44.106,90.778,84.359,84.135,79.129,100.0,100.0,100.0
763,best_fit,41,6.0,300.0,8.0,1807,853,47.205,91.354,89.875,90.302,75.271,100.0,100.0,100.0
764,latency_slack,41,6.0,300.0,8.0,1807,830,45.932,85.303,86.75,86.812,87.222,100.0,99.0,100.0
765,edge_first,42,6.0,300.0,8.0,1864,848,45.494,96.114,90.417,89.313,78.5,100.0,100.0,95.0
766,least_loaded,42,6.0,300.0,8.0,1864,824,44.206,91.192,85.583,83.823,80.318,100.0,100.0,97.5
767,best_fit,42,6.0,300.0,8.0,1864,844,45.279,90.415,88.084,89.266,80.299,100.0,100.0,100.0
768,latency_slack,42,6.0,300.0,8.0,1864,802,43.026,82.902,85.958,84.406,87.018,100.0,100.0,100.0
769,edge_first,43,6.0,300.0,8.0,1868,869,46.52,96.931,91.75,90.88,71.538,100.0,100.0,97.5
770,least_loaded,43,6.0,300.0,8.0,1868,830,44.433,90.281,84.256,85.812,80.392,100.0,100.0,97.5
771,best_fit,43,6.0,300.0,8.0,1868,841,45.021,92.583,89.676,89.656,80.009,100.0,100.0,100.0
772,latency_slack,43,6.0,300.0,8.0,1868,821,43.951,85.166,83.969,83.583,86.542,100.0,100.0,100.0
773,edge_first,44,6.0,300.0,8.0,1772,743,41.93,94.493,88.969,90.792,73.875,100.0,100.0,82.5
774,least_loaded,44,6.0,300.0,8.0,1772,739,41.704,90.725,82.719,84.0,80.221,100.0,100.0,92.5
775,best_fit,44,6.0,300.0,8.0,1772,730,41.196,89.565,90.906,86.854,79.365,100.0,99.0,100.0
776,latency_slack,44,6.0,300.0,8.0,1772,724,40.858,86.087,83.677,83.458,86.585,100.0,100.0,100.0
777,edge_first,45,6.0,300.0,8.0,1807,835,46.209,94.737,88.984,92.115,81.129,100.0,100.0,100.0
778,least_loaded,45,6.0,300.0,8.0,1807,794,43.94,89.751,84.865,83.239,83.404,100.0,100.0,100.0
779,best_fit,45,6.0,300.0,8.0,1807,827,45.766,90.028,91.49,89.25,84.125,100.0,100.0,100.0
780,latency_slack,45,6.0,300.0,8.0,1807,801,44.328,83.38,86.646,83.625,90.12,100.0,100.0,100.0
781,edge_first,46,6.0,300.0,8.0,1931,889,46.038,96.526,88.365,89.677,77.361,100.0,100.0,100.0
782,least_loaded,46,6.0,300.0,8.0,1931,848,43.915,91.563,83.844,83.198,82.087,100.0,100.0,97.5
783,best_fit,46,6.0,300.0,8.0,1931,919,47.592,95.533,89.875,89.938,81.28,100.0,100.0,100.0
784,latency_slack,46,6.0,300.0,8.0,1931,868,44.951,87.345,83.51,86.74,88.514,100.0,100.0,100.0
785,edge_first,47,6.0,300.0,8.0,1791,806,45.003,94.94,89.208,89.792,74.903,100.0,100.0,80.0
786,least_loaded,47,6.0,300.0,8.0,1791,787,43.942,90.774,84.74,86.282,83.976,100.0,100.0,100.0
787,best_fit,47,6.0,300.0,8.0,1791,783,43.719,92.262,88.917,91.24,77.535,100.0,100.0,100.0
788,latency_slack,47,6.0,300.0,8.0,1791,753,42.044,85.417,84.5,83.5,85.931,100.0,100.0,100.0
789,edge_first,48,6.0,300.0,8.0,1844,808,43.818,97.011,89.667,90.886,76.918,100.0,100.0,100.0
790,least_loaded,48,6.0,300.0,8.0,1844,803,43.547,93.207,84.521,86.375,83.95,100.0,100.0,90.0
791,best_fit,48,6.0,300.0,8.0,1844,784,42.516,92.663,89.011,88.625,81.148,100.0,100.0,100.0
792,latency_slack,48,6.0,300.0,8.0,1844,781,42.354,85.598,86.011,85.146,89.879,100.0,100.0,100.0
793,edge_first,49,6.0,300.0,8.0,1767,783,44.312,95.913,91.521,91.323,78.031,100.0,100.0,97.5
794,least_loaded,49,6.0,300.0,8.0,1767,734,41.539,92.098,84.944,84.355,81.915,100.0,100.0,97.5
795,best_fit,49,6.0,300.0,8.0,1767,768,43.463,91.008,89.198,89.718,81.108,100.0,100.0,100.0
796,latency_slack,49,6.0,300.0,8.0,1767,728,41.2,83.924,83.667,87.646,87.107,100.0,100.0,100.0
797,edge_first,50,6.0,300.0,8.0,1813,832,45.891,95.373,90.003,89.282,77.142,100.0,100.0,100.0
798,least_loaded,50,6.0,300.0,8.0,1813,819,45.174,90.488,84.458,82.286,81.502,100.0,100.0,100.0
799,best_fit,50,6.0,300.0,8.0,1813,813,44.843,89.203,88.156,87.052,80.528,100.0,99.0,100.0
800,latency_slack,50,6.0,300.0,8.0,1813,809,44.622,84.833,85.448,81.552,87.111,100.0,100.0,100.0
801,edge_first,1,8.0,300.0,8.0,2381,1170,49.139,98.795,91.641,92.948,80.5,100.0,100.0,95.0
802,least_loaded,1,8.0,300.0,8.0,2381,1177,49.433,96.988,87.604,87.563,87.302,100.0,100.0,97.5
803,best_fit,1,8.0,300.0,8.0,2381,1159,48.677,95.181,91.011,91.339,83.347,100.0,100.0,100.0
804,latency_slack,1,8.0,300.0,8.0,2381,1155,48.509,89.558,87.25,87.073,91.412,100.0,100.0,100.0
805,edge_first,2,8.0,300.0,8.0,2398,1231,51.334,98.416,92.959,92.583,82.717,100.0,100.0,100.0
806,least_loaded,2,8.0,300.0,8.0,2398,1170,48.791,95.446,87.526,87.125,86.413,100.0,100.0,100.0
807,best_fit,2,8.0,300.0,8.0,2398,1221,50.917,96.832,93.615,92.568,85.212,100.0,100.0,100.0
808,latency_slack,2,8.0,300.0,8.0,2398,1191,49.666,90.891,87.734,87.344,91.509,100.0,100.0,100.0
809,edge_first,3,8.0,300.0,8.0,2467,1259,51.034,98.239,91.427,92.365,82.365,100.0,100.0,100.0
810,least_loaded,3,8.0,300.0,8.0,2467,1253,50.79,94.716,86.99,88.552,87.75,99.0,100.0,100.0
811,best_fit,3,8.0,300.0,8.0,2467,1268,51.398,95.695,90.542,91.115,85.816,100.0,100.0,100.0
812,latency_slack,3,8.0,300.0,8.0,2467,1269,51.439,89.824,87.198,89.5,91.764,100.0,100.0,100.0
813,edge_first,4,8.0,300.0,8.0,2266,1074,47.396,97.996,91.063,91.232,79.632,100.0,100.0,100.0
814,least_loaded,4,8.0,300.0,8.0,2266,1061,46.823,92.873,87.896,87.469,84.067,100.0,100.0,100.0
815,best_fit,4,8.0,300.0,8.0,2266,1085,47.882,93.541,91.552,91.854,84.078,100.0,100.0,100.0
816,latency_slack,4,8.0,300.0,8.0,2266,1045,46.117,88.196,86.854,85.906,89.018,100.0,100.0,100.0
817,edge_first,5,8.0,300.0,8.0,2387,1199,50.23,96.768,91.667,91.802,79.16,100.0,100.0,92.5
818,least_loaded,5,8.0,300.0,8.0,2387,1165,48.806,94.949,87.391,87.281,85.83,100.0,100.0,100.0
819,best_fit,5,8.0,300.0,8.0,2387,1213,50.817,95.758,92.813,91.802,80.7,100.0,100.0,100.0
820,latency_slack,5,8.0,300.0,8.0,2387,1208,50.607,92.727,86.729,89.312,90.903,100.0,100.0,100.0
821,edge_first,6,8.0,300.0,8.0,2373,1164,49.052,97.331,91.822,91.427,82.844,100.0,100.0,100.0
822,least_loaded,6,8.0,300.0,8.0,2373,1134,47.788,95.072,87.708,86.979,86.121,100.0,100.0,100.0
823,best_fit,6,8.0,300.0,8.0,2373,1173,49.431,95.072,93.271,91.334,85.351,100.0,100.0,100.0
824,latency_slack,6,8.0,300.0,8.0,2373,1149,48.42,90.554,87.427,86.625,91.107,100.0,100.0,100.0
825,edge_first,7,8.0,300.0,8.0,2307,1185,51.365,97.813,91.568,91.626,84.139,100.0,100.0,95.0
826,least_loaded,7,8.0,300.0,8.0,2307,1155,50.065,93.837,86.458,85.448,84.708,100.0,100.0,100.0
827,best_fit,7,8.0,300.0,8.0,2307,1147,49.718,92.445,92.208,90.715,83.115,100.0,100.0,100.0
828,latency_slack,7,8.0,300.0,8.0,2307,1120,48.548,88.469,86.833,85.542,90.035,100.0,100.0,100.0
829,edge_first,8,8.0,300.0,8.0,2372,1185,49.958,98.065,92.27,93.501,79.403,100.0,100.0,95.0
830,least_loaded,8,8.0,300.0,8.0,2372,1130,47.639,96.559,87.073,87.521,87.563,100.0,100.0,100.0
831,best_fit,8,8.0,300.0,8.0,2372,1155,48.693,93.763,91.438,89.574,82.74,100.0,100.0,100.0
832,latency_slack,8,8.0,300.0,8.0,2372,1129,47.597,89.892,86.667,86.084,90.733,100.0,100.0,100.0
833,edge_first,9,8.0,300.0,8.0,2416,1229,50.869,98.039,93.089,91.365,83.929,100.0,100.0,100.0
834,least_loaded,9,8.0,300.0,8.0,2416,1199,49.627,94.706,88.146,88.552,87.099,100.0,100.0,100.0
835,best_fit,9,8.0,300.0,8.0,2416,1191,49.296,95.098,92.444,90.906,87.981,100.0,100.0,100.0
836,latency_slack,9,8.0,300.0,8.0,2416,1212,50.166,89.412,88.729,87.969,90.815,100.0,100.0,100.0
837,edge_first,10,8.0,300.0,8.0,2383,1140,47.839,97.071,91.641,91.803,77.982,100.0,100.0,100.0
838,least_loaded,10,8.0,300.0,8.0,2383,1134,47.587,96.444,86.667,88.146,85.653,100.0,100.0,100.0
839,best_fit,10,8.0,300.0,8.0,2383,1168,49.014,93.724,92.137,90.136,83.191,100.0,100.0,100.0
840,latency_slack,10,8.0,300.0,8.0,2383,1088,45.657,88.912,87.011,85.667,90.012,100.0,100.0,100.0
841,edge_first,11,8.0,300.0,8.0,2453,1232,50.224,97.536,93.073,93.073,85.007,100.0,100.0,100.0
842,least_loaded,11,8.0,300.0,8.0,2453,1205,49.124,95.893,88.067,88.166,87.651,100.0,100.0,100.0
843,best_fit,11,8.0,300.0,8.0,2453,1230,50.143,94.045,90.938,90.104,88.698,99.0,100.0,100.0
844,latency_slack,11,8.0,300.0,8.0,2453,1234,50.306,90.349,87.562,87.479,92.042,100.0,100.0,100.0
845,edge_first,12,8.0,300.0,8.0,2362,1196,50.635,98.557,92.709,91.687,81.949,100.0,100.0,100.0
846,least_loaded,12,8.0,300.0,8.0,2362,1138,48.18,97.113,87.802,86.531,85.245,100.0,100.0,100.0
847,best_fit,12,8.0,300.0,8.0,2362,1163,49.238,94.433,90.23,91.302,83.875,100.0,100.0,100.0
848,latency_slack,12,8.0,300.0,8.0,2362,1149,48.645,88.66,85.823,86.198,90.504,100.0,100.0,100.0
849,edge_first,13,8.0,300.0,8.0,2506,1326,52.913,97.764,92.959,92.599,84.068,100.0,100.0,97.5
850,least_loaded,13,8.0,300.0,8.0,2506,1246,49.721,96.748,88.386,86.448,87.094,100.0,100.0,92.5
851,best_fit,13,8.0,300.0,8.0,2506,1289,51.437,95.528,91.552,91.718,87.321,100.0,100.0,100.0
852,latency_slack,13,8.0,300.0,8.0,2506,1289,51.437,93.496,89.418,87.719,91.956,100.0,100.0,100.0
853,edge_first,14,8.0,300.0,8.0,2431,1265,52.036,99.132,93.094,92.688,84.879,100.0,100.0,100.0
854,least_loaded,14,8.0,300.0,8.0,2431,1190,48.951,96.963,87.896,88.02,86.612,100.0,100.0,97.5
855,best_fit,14,8.0,300.0,8.0,2431,1222,50.267,95.662,92.354,91.282,85.066,100.0,100.0,100.0
856,latency_slack,14,8.0,300.0,8.0,2431,1176,48.375,90.022,87.292,88.49,91.448,100.0,100.0,100.0
857,edge_first,15,8.0,300.0,8.0,2463,1223,49.655,97.461,92.266,90.979,84.521,100.0,99.0,100.0
858,least_loaded,15,8.0,300.0,8.0,2463,1261,51.198,97.266,88.813,88.667,88.348,100.0,100.0,100.0
859,best_fit,15,8.0,300.0,8.0,2463,1250,50.751,93.555,90.938,91.042,85.413,100.0,100.0,100.0
860,latency_slack,15,8.0,300.0,8.0,2463,1216,49.371,93.164,85.813,85.542,91.056,100.0,100.0,100.0
861,edge_first,16,8.0,300.0,8.0,2405,1214,50.478,97.881,91.844,90.948,83.942,100.0,100.0,100.0
862,least_loaded,16,8.0,300.0,8.0,2405,1175,48.857,96.61,87.229,87.271,86.857,100.0,100.0,100.0
863,best_fit,16,8.0,300.0,8.0,2405,1213,50.437,95.127,91.886,91.75,86.104,100.0,100.0,100.0
864,latency_slack,16,8.0,300.0,8.0,2405,1186,49.314,92.585,87.386,86.614,91.171,100.0,100.0,100.0
865,edge_first,17,8.0,300.0,8.0,2482,1265,50.967,99.416,91.865,93.304,82.386,100.0,100.0,100.0
866,least_loaded,17,8.0,300.0,8.0,2482,1257,50.645,96.887,87.865,87.834,87.053,100.0,100.0,97.5
867,best_fit,17,8.0,300.0,8.0,2482,1320,53.183,95.136,93.078,92.24,87.018,100.0,100.0,100.0
868,latency_slack,17,8.0,300.0,8.0,2482,1230,49.557,92.023,86.583,86.562,91.417,100.0,100.0,100.0
869,edge_first,18,8.0,300.0,8.0,2407,1270,52.763,97.233,92.444,92.063,84.969,100.0,100.0,95.0
870,least_loaded,18,8.0,300.0,8.0,2407,1233,51.226,95.85,88.344,86.834,86.197,100.0,100.0,100.0
871,best_fit,18,8.0,300.0,8.0,2407,1240,51.516,94.664,91.776,90.667,87.733,100.0,100.0,100.0
872,latency_slack,18,8.0,300.0,8.0,2407,1171,48.65,89.328,88.937,85.854,90.257,100.0,100.0,100.0
873,edge_first,19,8.0,300.0,8.0,2496,1263,50.601,96.514,91.714,92.125,82.505,100.0,100.0,100.0
874,least_loaded,19,8.0,300.0,8.0,2496,1219,48.838,94.336,87.094,87.281,88.832,100.0,100.0,100.0
875,best_fit,19,8.0,300.0,8.0,2496,1285,51.482,95.861,90.882,92.063,84.438,100.0,100.0,100.0
876,latency_slack,19,8.0,300.0,8.0,2496,1232,49.359,92.593,88.094,87.188,91.24,100.0,100.0,100.0
877,edge_first,20,8.0,300.0,8.0,2372,1211,51.054,98.465,92.552,92.427,82.872,100.0,100.0,100.0
878,least_loaded,20,8.0,300.0,8.0,2372,1195,50.379,96.491,87.667,88.479,87.136,100.0,100.0,100.0
879,best_fit,20,8.0,300.0,8.0,2372,1220,51.433,95.395,92.407,90.573,86.241,99.0,100.0,100.0
880,latency_slack,20,8.0,300.0,8.0,2372,1191,50.211,91.886,87.271,86.959,90.727,100.0,100.0,100.0
881,edge_first,21,8.0,300.0,8.0,2474,1263,51.051,98.16,92.834,92.865,84.24,100.0,100.0,90.0
882,least_loaded,21,8.0,300.0,8.0,2474,1208,48.828,96.524,86.834,86.604,87.219,100.0,100.0,100.0
883,best_fit,21,8.0,300.0,8.0,2474,1255,50.728,95.501,92.063,91.131,86.752,100.0,100.0,100.0
884,latency_slack,21,8.0,300.0,8.0,2474,1196,48.343,90.798,87.333,87.104,91.716,100.0,100.0,100.0
885,edge_first,22,8.0,300.0,8.0,2406,1227,50.998,96.391,93.25,93.011,81.837,100.0,100.0,100.0
886,least_loaded,22,8.0,300.0,8.0,2406,1196,49.709,95.329,87.354,88.557,87.358,100.0,100.0,97.5
887,best_fit,22,8.0,300.0,8.0,2406,1212,50.374,92.994,91.438,90.683,86.521,100.0,100.0,97.5
888,latency_slack,22,8.0,300.0,8.0,2406,1186,49.293,89.172,84.885,88.667,91.127,100.0,100.0,100.0
889,edge_first,23,8.0,300.0,8.0,2359,1252,53.073,98.125,91.813,92.542,83.785,99.0,100.0,87.5
890,least_loaded,23,8.0,300.0,8.0,2359,1218,51.632,97.083,87.704,88.052,86.998,100.0,100.0,95.0
891,best_fit,23,8.0,300.0,8.0,2359,1216,51.547,94.167,90.573,91.969,86.663,100.0,100.0,97.5
892,latency_slack,23,8.0,300.0,8.0,2359,1202,50.954,91.042,87.562,87.948,91.09,100.0,100.0,100.0
893,edge_first,24,8.0,300.0,8.0,2412,1261,52.28,98.447,92.448,91.646,83.677,100.0,100.0,100.0
894,least_loaded,24,8.0,300.0,8.0,2412,1232,51.078,96.311,86.526,87.864,87.945,100.0,100.0,100.0
895,best_fit,24,8.0,300.0,8.0,2412,1268,52.57,96.699,92.729,91.698,87.33,100.0,100.0,100.0
896,latency_slack,24,8.0,300.0,8.0,2412,1223,50.705,93.01,87.167,87.021,90.466,100.0,100.0,100.0
897,edge_first,25,8.0,300.0,8.0,2431,1221,50.226,97.458,92.704,92.042,84.372,100.0,100.0,100.0
898,least_loaded,25,8.0,300.0,8.0,2431,1195,49.157,96.186,87.157,87.406,86.568,100.0,100.0,100.0
899,best_fit,25,8.0,300.0,8.0,2431,1199,49.321,91.949,90.073,92.672,86.159,100.0,100.0,100.0
900,latency_slack,25,8.0,300.0,8.0,2431,1162,47.799,89.195,86.323,87.083,90.705,100.0,99.0,100.0
901,edge_first,26,8.0,300.0,8.0,2372,1219,51.391,96.957,93.292,92.62,82.632,100.0,100.0,100.0
902,least_loaded,26,8.0,300.0,8.0,2372,1174,49.494,96.304,86.604,86.104,86.828,100.0,100.0,97.5
903,best_fit,26,8.0,300.0,8.0,2372,1210,51.012,93.696,93.406,91.729,84.514,100.0,100.0,100.0
904,latency_slack,26,8.0,300.0,8.0,2372,1162,48.988,90.217,88.51,86.719,91.83,100.0,100.0,100.0
905,edge_first,27,8.0,300.0,8.0,2390,1259,52.678,97.03,92.886,91.958,82.799,100.0,100.0,100.0
906,least_loaded,27,8.0,300.0,8.0,2390,1219,51.004,95.05,88.385,86.984,87.302,100.0,100.0,95.0
907,best_fit,27,8.0,300.0,8.0,2390,1242,51.967,92.871,91.468,90.104,85.281,100.0,100.0,100.0
908,latency_slack,27,8.0,300.0,8.0,2390,1174,49.121,90.099,88.844,87.396,89.318,100.0,100.0,100.0
909,edge_first,28,8.0,300.0,8.0,2401,1139,47.439,96.888,92.605,91.86,83.167,100.0,100.0,100.0
910,least_loaded,28,8.0,300.0,8.0,2401,1101,45.856,96.266,88.302,87.437,87.67,100.0,100.0,100.0
911,best_fit,28,8.0,300.0,8.0,2401,1129,47.022,94.606,92.688,89.657,85.778,100.0,100.0,100.0
912,latency_slack,28,8.0,300.0,8.0,2401,1097,45.689,90.249,88.125,85.964,89.674,100.0,100.0,100.0
913,edge_first,29,8.0,300.0,8.0,2337,1115,47.711,98.052,92.068,92.386,84.736,100.0,100.0,100.0
914,least_loaded,29,8.0,300.0,8.0,2337,1099,47.026,95.455,87.26,87.146,88.153,100.0,100.0,97.5
915,best_fit,29,8.0,300.0,8.0,2337,1157,49.508,92.641,89.626,90.875,86.914,100.0,100.0,100.0
916,latency_slack,29,8.0,300.0,8.0,2337,1097,46.941,91.991,86.906,86.209,90.936,100.0,100.0,100.0
917,edge_first,30,8.0,300.0,8.0,2444,1219,49.877,99.143,92.589,92.373,83.892,100.0,99.0,97.5
918,least_loaded,30,8.0,300.0,8.0,2444,1225,50.123,97.43,88.855,88.229,89.052,100.0,100.0,100.0
919,best_fit,30,8.0,300.0,8.0,2444,1220,49.918,93.362,91.792,91.99,87.101,100.0,100.0,100.0
920,latency_slack,30,8.0,300.0,8.0,2444,1184,48.445,91.649,87.438,88.75,91.594,100.0,100.0,100.0
921,edge_first,31,8.0,300.0,8.0,2375,1193,50.232,97.642,92.386,91.917,80.066,100.0,100.0,100.0
922,least_loaded,31,8.0,300.0,8.0,2375,1198,50.442,95.285,88.105,87.646,86.771,100.0,100.0,100.0
923,best_fit,31,8.0,300.0,8.0,2375,1178,49.6,93.517,91.771,89.511,86.511,100.0,100.0,97.5
924,latency_slack,31,8.0,300.0,8.0,2375,1135,47.789,88.016,84.948,85.036,90.9,100.0,100.0,100.0
925,edge_first,32,8.0,300.0,8.0,2328,1115,47.895,98.698,91.094,91.157,79.444,100.0,99.0,97.5
926,least_loaded,32,8.0,300.0,8.0,2328,1084,46.564,96.746,85.75,85.76,85.281,100.0,100.0,95.0
927,best_fit,32,8.0,300.0,8.0,2328,1132,48.625,94.577,91.052,90.407,84.507,100.0,100.0,100.0
928,latency_slack,32,8.0,300.0,8.0,2328,1117,47.981,90.239,89.0,88.479,90.764,100.0,100.0,100.0
929,edge_first,33,8.0,300.0,8.0,2375,1227,51.663,97.206,92.314,92.146,79.15,100.0,100.0,85.0
930,least_loaded,33,8.0,300.0,8.0,2375,1175,49.474,96.806,87.604,86.032,85.5,100.0,100.0,100.0
931,best_fit,33,8.0,300.0,8.0,2375,1224,51.537,96.208,92.74,91.407,81.761,100.0,100.0,100.0
932,latency_slack,33,8.0,300.0,8.0,2375,1178,49.6,90.419,86.188,85.604,90.431,100.0,100.0,100.0
933,edge_first,34,8.0,300.0,8.0,2399,1199,49.979,98.189,93.875,91.926,83.67,100.0,100.0,100.0
934,least_loaded,34,8.0,300.0,8.0,2399,1144,47.687,94.165,87.416,88.135,86.25,100.0,100.0,100.0
935,best_fit,34,8.0,300.0,8.0,2399,1210,50.438,91.751,91.688,91.192,87.555,100.0,100.0,100.0
936,latency_slack,34,8.0,300.0,8.0,2399,1169,48.729,90.543,86.385,87.323,90.771,100.0,100.0,100.0
937,edge_first,35,8.0,300.0,8.0,2351,1125,47.852,97.534,91.688,93.078,82.743,100.0,100.0,100.0
938,least_loaded,35,8.0,300.0,8.0,2351,1099,46.746,96.413,88.302,86.75,86.399,100.0,100.0,100.0
939,best_fit,35,8.0,300.0,8.0,2351,1134,48.235,94.619,91.573,89.886,87.775,100.0,100.0,100.0
940,latency_slack,35,8.0,300.0,8.0,2351,1134,48.235,91.704,88.667,86.271,91.57,100.0,100.0,100.0
941,edge_first,36,8.0,300.0,8.0,2396,1223,51.043,98.171,91.94,92.776,79.472,100.0,100.0,100.0
942,least_loaded,36,8.0,300.0,8.0,2396,1191,49.708,95.732,87.369,86.698,86.108,100.0,100.0,100.0
943,best_fit,36,8.0,300.0,8.0,2396,1194,49.833,93.293,91.157,91.688,85.872,100.0,100.0,100.0
944,latency_slack,36,8.0,300.0,8.0,2396,1208,50.417,90.244,86.458,89.668,89.629,100.0,100.0,100.0
945,edge_first,37,8.0,300.0,8.0,2442,1241,50.819,97.856,93.479,92.479,81.797,100.0,100.0,100.0
946,least_loaded,37,8.0,300.0,8.0,2442,1199,49.099,95.906,87.032,86.682,84.83,100.0,100.0,97.5
947,best_fit,37,8.0,300.0,8.0,2442,1236,50.614,94.152,92.261,90.448,85.243,100.0,100.0,100.0
948,latency_slack,37,8.0,300.0,8.0,2442,1212,49.631,88.889,86.083,87.76,91.104,100.0,100.0,100.0
949,edge_first,38,8.0,300.0,8.0,2432,1213,49.877,97.691,93.052,93.261,84.754,100.0,100.0,100.0
950,least_loaded,38,8.0,300.0,8.0,2432,1147,47.163,95.612,86.823,86.802,87.94,100.0,100.0,100.0
951,best_fit,38,8.0,300.0,8.0,2432,1201,49.383,95.612,92.0,93.0,86.539,100.0,100.0,100.0
952,latency_slack,38,8.0,300.0,8.0,2432,1140,46.875,94.226,87.146,87.958,91.94,100.0,100.0,100.0
953,edge_first,39,8.0,300.0,8.0,2428,1269,52.265,98.662,92.261,93.344,84.946,100.0,100.0,100.0
954,least_loaded,39,8.0,300.0,8.0,2428,1237,50.947,97.132,88.406,87.339,88.049,100.0,100.0,100.0
955,best_fit,39,8.0,300.0,8.0,2428,1249,51.442,95.793,91.653,91.855,87.132,100.0,100.0,100.0
956,latency_slack,39,8.0,300.0,8.0,2428,1183,48.723,92.161,88.125,86.396,92.387,100.0,100.0,100.0
957,edge_first,40,8.0,300.0,8.0,2420,1222,50.496,96.622,92.891,92.188,82.259,100.0,100.0,97.5
958,least_loaded,40,8.0,300.0,8.0,2420,1197,49.463,95.946,87.428,87.781,87.358,100.0,100.0,100.0
959,best_fit,40,8.0,300.0,8.0,2420,1223,50.537,96.171,91.875,91.344,83.625,100.0,100.0,100.0
960,latency_slack,40,8.0,300.0,8.0,2420,1175,48.554,91.441,86.823,86.26,90.837,100.0,100.0,100.0
961,edge_first,41,8.0,300.0,8.0,2457,1229,50.02,99.401,92.574,92.521,82.976,100.0,100.0,95.0
962,least_loaded,41,8.0,300.0,8.0,2457,1183,48.148,96.208,87.724,85.172,88.092,99.0,99.0,100.0
963,best_fit,41,8.0,300.0,8.0,2457,1268,51.608,97.006,91.209,91.51,86.594,100.0,100.0,100.0
964,latency_slack,41,8.0,300.0,8.0,2457,1221,49.695,91.417,87.625,86.646,91.721,100.0,100.0,100.0
965,edge_first,42,8.0,300.0,8.0,2385,1218,51.069,98.093,92.891,92.636,86.361,100.0,100.0,100.0
966,least_loaded,42,8.0,300.0,8.0,2385,1197,50.189,96.186,88.865,88.229,88.344,100.0,100.0,100.0
967,best_fit,42,8.0,300.0,8.0,2385,1182,49.56,95.127,92.672,90.948,86.377,100.0,100.0,100.0
968,latency_slack,42,8.0,300.0,8.0,2385,1164,48.805,90.042,89.011,85.448,91.27,100.0,100.0,100.0
969,edge_first,43,8.0,300.0,8.0,2410,1191,49.419,98.077,92.516,93.199,82.896,100.0,100.0,100.0
970,least_loaded,43,8.0,300.0,8.0,2410,1137,47.178,96.154,88.865,87.24,86.258,100.0,100.0,97.5
971,best_fit,43,8.0,300.0,8.0,2410,1148,47.635,94.231,92.438,90.104,86.151,100.0,100.0,100.0
972,latency_slack,43,8.0,300.0,8.0,2410,1162,48.216,91.667,87.521,87.698,92.118,100.0,100.0,100.0
973,edge_first,44,8.0,300.0,8.0,2336,1164,49.829,98.218,93.542,92.334,83.339,100.0,100.0,100.0
974,least_loaded,44,8.0,300.0,8.0,2336,1103,47.217,95.546,87.448,86.636,85.595,100.0,100.0,100.0
975,best_fit,44,8.0,300.0,8.0,2336,1154,49.401,94.432,90.896,92.552,86.467,100.0,100.0,100.0
976,latency_slack,44,8.0,300.0,8.0,2336,1107,47.389,89.755,86.417,86.919,91.112,100.0,100.0,100.0
977,edge_first,45,8.0,300.0,8.0,2509,1265,50.418,96.849,92.85,93.297,83.497,100.0,100.0,100.0
978,least_loaded,45,8.0,300.0,8.0,2509,1208,48.147,95.588,87.365,86.667,86.295,100.0,100.0,100.0
979,best_fit,45,8.0,300.0,8.0,2509,1290,51.415,96.849,94.042,92.125,84.299,100.0,100.0,100.0
980,latency_slack,45,8.0,300.0,8.0,2509,1262,50.299,90.966,85.219,88.771,92.442,100.0,100.0,100.0
981,edge_first,46,8.0,300.0,8.0,2359,1220,51.717,97.938,91.636,92.292,83.646,100.0,100.0,90.0
982,least_loaded,46,8.0,300.0,8.0,2359,1170,49.597,96.082,85.396,85.99,85.868,100.0,100.0,100.0
983,best_fit,46,8.0,300.0,8.0,2359,1213,51.42,93.608,90.953,91.709,87.799,100.0,100.0,97.5
984,latency_slack,46,8.0,300.0,8.0,2359,1180,50.021,90.928,87.521,85.364,90.629,100.0,100.0,100.0
985,edge_first,47,8.0,300.0,8.0,2407,1224,50.852,97.002,92.315,92.646,80.438,100.0,100.0,100.0
986,least_loaded,47,8.0,300.0,8.0,2407,1163,48.317,94.433,87.502,87.198,86.955,100.0,100.0,100.0
987,best_fit,47,8.0,300.0,8.0,2407,1200,49.855,93.362,91.115,90.355,87.219,100.0,100.0,100.0
988,latency_slack,47,8.0,300.0,8.0,2407,1174,48.774,89.936,87.958,86.938,89.569,100.0,100.0,100.0
989,edge_first,48,8.0,300.0,8.0,2386,1216,50.964,97.198,92.328,93.229,86.212,100.0,100.0,100.0
990,least_loaded,48,8.0,300.0,8.0,2386,1205,50.503,96.552,88.078,87.958,88.441,100.0,100.0,100.0
991,best_fit,48,8.0,300.0,8.0,2386,1211,50.754,94.828,92.021,90.709,87.34,100.0,100.0,97.5
992,latency_slack,48,8.0,300.0,8.0,2386,1194,50.042,93.75,87.146,88.375,91.207,100.0,100.0,100.0
993,edge_first,49,8.0,300.0,8.0,2374,1208,50.885,97.904,92.005,92.323,84.792,100.0,100.0,100.0
994,least_loaded,49,8.0,300.0,8.0,2374,1189,50.084,96.017,89.083,87.427,87.183,100.0,100.0,100.0
995,best_fit,49,8.0,300.0,8.0,2374,1181,49.747,95.388,91.781,91.167,86.566,100.0,100.0,100.0
996,latency_slack,49,8.0,300.0,8.0,2374,1159,48.821,91.195,86.771,87.531,90.799,100.0,100.0,100.0
997,edge_first,50,8.0,300.0,8.0,2424,1220,50.33,97.095,92.771,93.011,84.586,100.0,100.0,92.5
998,least_loaded,50,8.0,300.0,8.0,2424,1185,48.886,95.643,87.24,86.958,87.632,100.0,100.0,100.0
999,best_fit,50,8.0,300.0,8.0,2424,1226,50.578,94.606,91.381,90.833,88.382,100.0,100.0,92.5
1000,latency_slack,50,8.0,300.0,8.0,2424,1183,48.804,89.834,85.406,88.126,91.592,100.0,100.0,100.0
1001,edge_first,1,12.0,300.0,8.0,3503,2131,60.834,99.426,93.954,94.474,89.695,100.0,100.0,97.5
1002,least_loaded,1,12.0,300.0,8.0,3503,2006,57.265,98.852,91.096,89.729,92.219,100.0,100.0,100.0
1003,best_fit,1,12.0,300.0,8.0,3503,2099,59.92,98.422,93.126,94.511,91.098,100.0,100.0,100.0
1004,latency_slack,1,12.0,300.0,8.0,3503,2018,57.608,96.844,90.229,91.573,94.851,100.0,100.0,100.0
1005,edge_first,2,12.0,300.0,8.0,3551,2102,59.195,99.732,94.219,94.762,88.693,100.0,100.0,100.0
1006,least_loaded,2,12.0,300.0,8.0,3551,2041,57.477,98.391,91.339,91.479,92.161,100.0,100.0,100.0
1007,best_fit,2,12.0,300.0,8.0,3551,2119,59.673,97.855,93.584,94.278,92.622,100.0,100.0,100.0
1008,latency_slack,2,12.0,300.0,8.0,3551,2058,57.956,95.174,90.167,91.719,94.337,100.0,100.0,100.0
1009,edge_first,3,12.0,300.0,8.0,3572,2114,59.183,99.714,94.865,93.605,90.226,100.0,100.0,100.0
1010,least_loaded,3,12.0,300.0,8.0,3572,2041,57.139,96.71,91.219,90.933,91.566,100.0,100.0,100.0
1011,best_fit,3,12.0,300.0,8.0,3572,2071,57.979,95.708,93.469,92.969,92.566,100.0,100.0,100.0
1012,latency_slack,3,12.0,300.0,8.0,3572,2050,57.391,94.134,91.026,89.583,93.821,100.0,100.0,100.0
1013,edge_first,4,12.0,300.0,8.0,3624,2161,59.63,99.732,94.917,95.25,89.33,100.0,100.0,100.0
1014,least_loaded,4,12.0,300.0,8.0,3624,2122,58.554,99.33,91.422,90.901,92.014,100.0,100.0,100.0
1015,best_fit,4,12.0,300.0,8.0,3624,2169,59.851,97.319,94.469,93.47,93.534,100.0,100.0,100.0
1016,latency_slack,4,12.0,300.0,8.0,3624,2157,59.52,96.113,92.183,92.177,94.99,100.0,100.0,100.0
1017,edge_first,5,12.0,300.0,8.0,3588,2071,57.72,99.448,94.022,93.984,90.903,100.0,100.0,100.0
1018,least_loaded,5,12.0,300.0,8.0,3588,2043,56.94,98.345,91.746,91.271,92.107,100.0,100.0,100.0
1019,best_fit,5,12.0,300.0,8.0,3588,2091,58.278,97.517,94.958,93.287,92.82,100.0,100.0,100.0
1020,latency_slack,5,12.0,300.0,8.0,3588,2054,57.246,96.138,89.667,91.458,94.669,100.0,100.0,100.0
1021,edge_first,6,12.0,300.0,8.0,3686,2182,59.197,99.16,95.822,94.811,89.771,100.0,100.0,100.0
1022,least_loaded,6,12.0,300.0,8.0,3686,2120,57.515,98.459,91.896,90.677,92.789,100.0,100.0,100.0
1023,best_fit,6,12.0,300.0,8.0,3686,2186,59.305,97.619,94.396,93.011,90.542,100.0,100.0,100.0
1024,latency_slack,6,12.0,300.0,8.0,3686,2151,58.356,96.639,91.896,92.458,94.534,100.0,100.0,100.0
1025,edge_first,7,12.0,300.0,8.0,3567,2050,57.471,99.423,94.042,94.323,90.184,100.0,100.0,100.0
1026,least_loaded,7,12.0,300.0,8.0,3567,2015,56.49,98.557,89.268,90.422,90.671,100.0,100.0,100.0
1027,best_fit,7,12.0,300.0,8.0,3567,2013,56.434,97.835,93.833,93.157,92.145,100.0,100.0,100.0
1028,latency_slack,7,12.0,300.0,8.0,3567,2035,57.051,95.96,90.458,91.261,94.188,100.0,100.0,100.0
1029,edge_first,8,12.0,300.0,8.0,3494,2090,59.817,99.425,94.376,94.23,88.394,100.0,100.0,100.0
1030,least_loaded,8,12.0,300.0,8.0,3494,2031,58.128,98.276,91.552,91.177,92.035,100.0,100.0,100.0
1031,best_fit,8,12.0,300.0,8.0,3494,2047,58.586,96.552,94.657,94.063,89.623,100.0,100.0,92.5
1032,latency_slack,8,12.0,300.0,8.0,3494,2017,57.728,94.684,91.24,89.667,94.152,100.0,100.0,100.0
1033,edge_first,9,12.0,300.0,8.0,3610,2083,57.701,99.573,95.006,94.668,88.262,100.0,100.0,100.0
1034,least_loaded,9,12.0,300.0,8.0,3610,2058,57.008,99.288,91.105,90.656,92.292,100.0,100.0,100.0
1035,best_fit,9,12.0,300.0,8.0,3610,2116,58.615,99.003,94.083,93.469,91.339,100.0,100.0,100.0
1036,latency_slack,9,12.0,300.0,8.0,3610,2087,57.812,96.011,90.74,89.646,93.799,100.0,100.0,100.0
1037,edge_first,10,12.0,300.0,8.0,3654,2106,57.635,99.59,94.73,94.49,90.41,100.0,99.0,100.0
1038,least_loaded,10,12.0,300.0,8.0,3654,2062,56.431,98.907,91.5,91.14,91.369,100.0,100.0,100.0
1039,best_fit,10,12.0,300.0,8.0,3654,2069,56.623,96.448,94.896,92.302,91.313,100.0,100.0,100.0
1040,latency_slack,10,12.0,300.0,8.0,3654,2059,56.349,94.262,88.813,91.938,93.956,100.0,100.0,100.0
1041,edge_first,11,12.0,300.0,8.0,3543,2070,58.425,99.295,94.761,93.886,89.274,100.0,100.0,100.0
1042,least_loaded,11,12.0,300.0,8.0,3543,2015,56.873,98.449,90.557,90.677,91.975,100.0,100.0,100.0
1043,best_fit,11,12.0,300.0,8.0,3543,2116,59.723,97.461,93.99,94.724,91.931,100.0,100.0,100.0
1044,latency_slack,11,12.0,300.0,8.0,3543,2053,57.945,95.91,91.75,92.094,94.066,100.0,100.0,100.0
1045,edge_first,12,12.0,300.0,8.0,3602,2107,58.495,99.715,94.74,94.625,88.714,100.0,100.0,97.5
1046,least_loaded,12,12.0,300.0,8.0,3602,2037,56.552,97.86,91.479,90.209,91.077,100.0,100.0,100.0
1047,best_fit,12,12.0,300.0,8.0,3602,2141,59.439,97.86,93.229,94.451,92.278,100.0,100.0,100.0
1048,latency_slack,12,12.0,300.0,8.0,3602,2058,57.135,94.864,90.813,91.084,94.162,100.0,100.0,100.0
1049,edge_first,13,12.0,300.0,8.0,3638,2206,60.638,99.208,94.99,94.854,91.671,100.0,100.0,100.0
1050,least_loaded,13,12.0,300.0,8.0,3638,2115,58.136,98.813,90.49,91.401,91.799,100.0,100.0,100.0
1051,best_fit,13,12.0,300.0,8.0,3638,2165,59.511,98.285,94.136,94.547,91.853,100.0,100.0,100.0
1052,latency_slack,13,12.0,300.0,8.0,3638,2132,58.604,96.438,91.573,91.792,94.558,100.0,100.0,100.0
1053,edge_first,14,12.0,300.0,8.0,3627,2124,58.561,99.725,94.448,94.563,88.722,100.0,100.0,100.0
1054,least_loaded,14,12.0,300.0,8.0,3627,2094,57.734,98.898,91.281,90.542,91.236,100.0,100.0,100.0
1055,best_fit,14,12.0,300.0,8.0,3627,2126,58.616,98.898,93.574,94.094,89.844,100.0,100.0,100.0
1056,latency_slack,14,12.0,300.0,8.0,3627,2104,58.009,95.179,91.281,91.073,93.813,100.0,100.0,100.0
1057,edge_first,15,12.0,300.0,8.0,3531,2048,58.001,99.278,95.042,94.042,89.545,100.0,100.0,95.0
1058,least_loaded,15,12.0,300.0,8.0,3531,1981,56.103,98.99,91.428,91.01,91.507,100.0,100.0,100.0
1059,best_fit,15,12.0,300.0,8.0,3531,2022,57.264,98.557,92.73,94.407,91.274,100.0,100.0,100.0
1060,latency_slack,15,12.0,300.0,8.0,3531,2006,56.811,95.238,90.644,90.724,94.702,100.0,100.0,100.0
1061,edge_first,16,12.0,300.0,8.0,3611,2164,59.928,99.011,95.407,94.74,89.714,100.0,100.0,100.0
1062,least_loaded,16,12.0,300.0,8.0,3611,2127,58.903,99.153,91.662,91.365,93.448,99.0,100.0,100.0
1063,best_fit,16,12.0,300.0,8.0,3611,2168,60.039,98.023,94.979,95.448,92.271,100.0,100.0,100.0
1064,latency_slack,16,12.0,300.0,8.0,3611,2101,58.183,96.045,90.761,90.99,94.942,100.0,99.0,97.5
1065,edge_first,17,12.0,300.0,8.0,3608,2090,57.927,99.852,94.177,94.303,89.58,100.0,100.0,87.5
1066,least_loaded,17,12.0,300.0,8.0,3608,2022,56.042,97.929,91.693,90.709,90.756,100.0,100.0,100.0
1067,best_fit,17,12.0,300.0,8.0,3608,2085,57.788,97.929,94.479,93.969,91.518,100.0,100.0,100.0
1068,latency_slack,17,12.0,300.0,8.0,3608,2044,56.652,94.822,91.823,91.234,94.322,99.0,100.0,100.0
1069,edge_first,18,12.0,300.0,8.0,3553,2061,58.007,98.994,93.526,94.314,89.014,100.0,100.0,100.0
1070,least_loaded,18,12.0,300.0,8.0,3553,2030,57.135,98.132,91.485,91.531,92.214,100.0,100.0,100.0
1071,best_fit,18,12.0,300.0,8.0,3553,1991,56.037,97.701,92.729,94.142,91.46,100.0,100.0,100.0
1072,latency_slack,18,12.0,300.0,8.0,3553,2020,56.853,95.402,90.198,90.719,94.457,100.0,100.0,100.0
1073,edge_first,19,12.0,300.0,8.0,3574,2114,59.149,99.451,94.355,94.006,90.205,100.0,100.0,100.0
1074,least_loaded,19,12.0,300.0,8.0,3574,1998,55.904,98.901,90.5,89.937,91.323,100.0,100.0,100.0
1075,best_fit,19,12.0,300.0,8.0,3574,2121,59.345,98.077,94.068,94.261,90.49,100.0,100.0,100.0
1076,latency_slack,19,12.0,300.0,8.0,3574,2032,56.855,95.192,91.042,91.026,94.287,100.0,100.0,92.5
1077,edge_first,20,12.0,300.0,8.0,3617,2126,58.778,98.772,93.792,93.771,88.018,100.0,100.0,97.5
1078,least_loaded,20,12.0,300.0,8.0,3617,2105,58.197,98.772,90.99,90.052,90.142,100.0,100.0,97.5
1079,best_fit,20,12.0,300.0,8.0,3617,2171,60.022,97.408,94.292,92.938,91.202,100.0,100.0,100.0
1080,latency_slack,20,12.0,300.0,8.0,3617,2132,58.944,97.135,92.011,90.281,92.834,100.0,100.0,100.0
1081,edge_first,21,12.0,300.0,8.0,3681,2215,60.174,99.167,94.949,95.385,90.004,100.0,100.0,100.0
1082,least_loaded,21,12.0,300.0,8.0,3681,2116,57.484,99.028,90.199,90.427,91.603,100.0,100.0,100.0
1083,best_fit,21,12.0,300.0,8.0,3681,2177,59.142,96.944,92.729,94.594,92.603,100.0,100.0,100.0
1084,latency_slack,21,12.0,300.0,8.0,3681,2085,56.642,95.694,89.834,90.052,94.438,100.0,100.0,100.0
1085,edge_first,22,12.0,300.0,8.0,3685,2177,59.077,99.745,93.6,94.25,87.946,100.0,100.0,100.0
1086,least_loaded,22,12.0,300.0,8.0,3685,2099,56.961,98.599,91.292,90.376,92.256,100.0,100.0,100.0
1087,best_fit,22,12.0,300.0,8.0,3685,2225,60.38,98.089,93.459,94.729,91.24,100.0,100.0,100.0
1088,latency_slack,22,12.0,300.0,8.0,3685,2148,58.29,96.688,90.396,91.042,94.768,100.0,100.0,100.0
1089,edge_first,23,12.0,300.0,8.0,3559,2140,60.129,99.716,94.277,94.011,88.452,100.0,100.0,100.0
1090,least_loaded,23,12.0,300.0,8.0,3559,2057,57.797,98.438,90.61,90.073,91.209,100.0,100.0,100.0
1091,best_fit,23,12.0,300.0,8.0,3559,2103,59.09,98.58,93.734,94.052,90.471,100.0,100.0,97.5
1092,latency_slack,23,12.0,300.0,8.0,3559,2039,57.291,94.602,91.552,90.417,94.282,100.0,100.0,100.0
1093,edge_first,24,12.0,300.0,8.0,3773,2274,60.27,99.868,94.655,95.261,90.587,100.0,100.0,100.0
1094,least_loaded,24,12.0,300.0,8.0,3773,2218,58.786,98.94,91.448,91.229,91.939,100.0,100.0,100.0
1095,best_fit,24,12.0,300.0,8.0,3773,2352,62.338,97.881,95.031,94.162,93.094,100.0,100.0,100.0
1096,latency_slack,24,12.0,300.0,8.0,3773,2181,57.805,96.689,91.176,90.985,95.107,100.0,100.0,100.0
1097,edge_first,25,12.0,300.0,8.0,3530,2082,58.98,98.978,94.386,94.855,90.853,100.0,100.0,100.0
1098,least_loaded,25,12.0,300.0,8.0,3530,2036,57.677,98.248,91.827,91.157,92.225,100.0,100.0,100.0
1099,best_fit,25,12.0,300.0,8.0,3530,2107,59.688,97.226,93.76,94.094,92.435,100.0,100.0,100.0
1100,latency_slack,25,12.0,300.0,8.0,3530,2049,58.045,95.62,91.24,92.021,94.002,100.0,100.0,100.0
1101,edge_first,26,12.0,300.0,8.0,3608,2144,59.424,99.157,95.23,95.251,91.167,100.0,100.0,92.5
1102,least_loaded,26,12.0,300.0,8.0,3608,2146,59.479,98.174,92.489,91.583,92.827,100.0,100.0,100.0
1103,best_fit,26,12.0,300.0,8.0,3608,2150,59.59,99.017,94.719,94.521,92.229,100.0,100.0,100.0
1104,latency_slack,26,12.0,300.0,8.0,3608,2154,59.701,94.242,91.578,92.365,94.742,100.0,100.0,100.0
1105,edge_first,27,12.0,300.0,8.0,3589,2126,59.237,99.285,94.625,95.084,90.972,100.0,100.0,100.0
1106,least_loaded,27,12.0,300.0,8.0,3589,2075,57.816,97.997,91.0,90.99,91.645,100.0,100.0,100.0
1107,best_fit,27,12.0,300.0,8.0,3589,2110,58.791,96.853,93.626,93.413,92.15,100.0,100.0,100.0
1108,latency_slack,27,12.0,300.0,8.0,3589,2015,56.144,95.565,90.875,89.75,94.563,100.0,100.0,100.0
1109,edge_first,28,12.0,300.0,8.0,3619,2153,59.492,98.906,94.688,93.657,91.581,100.0,100.0,100.0
1110,least_loaded,28,12.0,300.0,8.0,3619,2117,58.497,98.769,91.084,90.384,91.777,100.0,100.0,100.0
1111,best_fit,28,12.0,300.0,8.0,3619,2131,58.884,98.632,94.26,92.386,91.071,100.0,100.0,97.5
1112,latency_slack,28,12.0,300.0,8.0,3619,2178,60.182,95.622,90.542,90.573,95.16,100.0,100.0,100.0
1113,edge_first,29,12.0,300.0,8.0,3535,2117,59.887,98.872,94.146,95.115,88.533,100.0,100.0,100.0
1114,least_loaded,29,12.0,300.0,8.0,3535,2027,57.341,99.013,91.31,90.094,91.294,100.0,100.0,100.0
1115,best_fit,29,12.0,300.0,8.0,3535,2097,59.321,96.756,95.558,94.199,90.219,100.0,100.0,100.0
1116,latency_slack,29,12.0,300.0,8.0,3535,2090,59.123,96.051,89.772,91.448,93.776,100.0,100.0,100.0
1117,edge_first,30,12.0,300.0,8.0,3574,2121,59.345,99.717,94.731,95.245,90.218,100.0,100.0,100.0
1118,least_loaded,30,12.0,300.0,8.0,3574,2038,57.023,99.15,91.531,91.438,92.535,99.0,100.0,100.0
1119,best_fit,30,12.0,300.0,8.0,3574,2114,59.149,97.875,93.167,94.126,92.851,100.0,100.0,100.0
1120,latency_slack,30,12.0,300.0,8.0,3574,2067,57.834,96.884,91.104,90.583,94.865,100.0,100.0,87.5
1121,edge_first,31,12.0,300.0,8.0,3621,2142,59.155,99.586,95.053,94.599,90.326,100.0,100.0,100.0
1122,least_loaded,31,12.0,300.0,8.0,3621,2090,57.719,98.897,90.98,91.219,92.58,100.0,100.0,100.0
1123,best_fit,31,12.0,300.0,8.0,3621,2101,58.023,97.793,93.854,94.282,92.716,100.0,100.0,100.0
1124,latency_slack,31,12.0,300.0,8.0,3621,2097,57.912,96.552,90.334,90.854,95.067,100.0,100.0,100.0
1125,edge_first,32,12.0,300.0,8.0,3589,2074,57.788,99.434,93.836,93.605,87.075,100.0,100.0,100.0
1126,least_loaded,32,12.0,300.0,8.0,3589,2000,55.726,99.151,91.094,91.25,91.831,100.0,100.0,100.0
1127,best_fit,32,12.0,300.0,8.0,3589,2114,58.902,98.161,93.142,93.646,91.829,100.0,100.0,97.5
1128,latency_slack,32,12.0,300.0,8.0,3589,2028,56.506,96.747,89.688,89.0,94.395,100.0,100.0,100.0
1129,edge_first,33,12.0,300.0,8.0,3601,2125,59.011,99.318,94.776,94.297,87.367,100.0,100.0,100.0
1130,least_loaded,33,12.0,300.0,8.0,3601,2068,57.428,98.909,91.437,90.614,91.184,100.0,100.0,100.0
1131,best_fit,33,12.0,300.0,8.0,3601,2124,58.984,96.862,93.761,93.022,92.004,100.0,100.0,100.0
1132,latency_slack,33,12.0,300.0,8.0,3601,2082,57.817,96.453,90.886,91.344,94.947,100.0,100.0,100.0
1133,edge_first,34,12.0,300.0,8.0,3617,2130,58.889,99.271,95.917,94.834,90.337,100.0,100.0,100.0
1134,least_loaded,34,12.0,300.0,8.0,3617,2082,57.562,99.563,91.344,90.344,91.297,100.0,100.0,97.5
1135,best_fit,34,12.0,300.0,8.0,3617,2104,58.17,95.773,93.792,93.24,92.049,100.0,100.0,100.0
1136,latency_slack,34,12.0,300.0,8.0,3617,2067,57.147,95.627,91.188,89.37,94.244,100.0,100.0,100.0
1137,edge_first,35,12.0,300.0,8.0,3516,2092,59.499,99.445,95.23,94.573,89.08,100.0,100.0,100.0
1138,least_loaded,35,12.0,300.0,8.0,3516,2026,57.622,98.336,90.625,90.198,91.429,100.0,100.0,100.0
1139,best_fit,35,12.0,300.0,8.0,3516,2068,58.817,96.81,93.777,93.386,91.523,100.0,100.0,97.5
1140,latency_slack,35,12.0,300.0,8.0,3516,2054,58.419,96.255,91.5,91.198,93.754,99.0,100.0,100.0
1141,edge_first,36,12.0,300.0,8.0,3611,2066,57.214,99.021,95.417,93.88,89.766,100.0,100.0,100.0
1142,least_loaded,36,12.0,300.0,8.0,3611,2011,55.691,98.042,91.287,90.478,91.066,100.0,100.0,100.0
1143,best_fit,36,12.0,300.0,8.0,3611,2053,56.854,98.182,93.417,93.261,91.827,100.0,100.0,100.0
1144,latency_slack,36,12.0,300.0,8.0,3611,2034,56.328,95.105,89.917,90.584,94.468,100.0,100.0,100.0
1145,edge_first,37,12.0,300.0,8.0,3615,2164,59.862,99.294,94.917,95.261,87.4,100.0,100.0,97.5
1146,least_loaded,37,12.0,300.0,8.0,3615,2092,57.87,98.023,91.573,90.865,90.245,100.0,100.0,100.0
1147,best_fit,37,12.0,300.0,8.0,3615,2185,60.443,98.729,93.756,93.828,90.504,100.0,100.0,100.0
1148,latency_slack,37,12.0,300.0,8.0,3615,2093,57.898,94.209,89.833,91.615,94.276,100.0,100.0,100.0
1149,edge_first,38,12.0,300.0,8.0,3648,2171,59.512,98.936,94.574,95.136,90.216,100.0,100.0,100.0
1150,least_loaded,38,12.0,300.0,8.0,3648,2080,57.018,98.803,91.022,89.656,91.893,100.0,100.0,100.0
1151,best_fit,38,12.0,300.0,8.0,3648,2132,58.443,98.271,94.334,92.959,93.108,100.0,100.0,100.0
1152,latency_slack,38,12.0,300.0,8.0,3648,2128,58.333,96.676,92.469,92.074,94.634,100.0,100.0,100.0
1153,edge_first,39,12.0,300.0,8.0,3619,2163,59.768,99.451,94.605,93.912,91.01,100.0,100.0,100.0
1154,least_loaded,39,12.0,300.0,8.0,3619,2130,58.856,98.352,92.167,91.479,92.072,100.0,100.0,100.0
1155,best_fit,39,12.0,300.0,8.0,3619,2180,60.238,98.077,93.667,93.459,91.851,100.0,100.0,100.0
1156,latency_slack,39,12.0,300.0,8.0,3619,2055,56.784,95.604,90.802,90.406,94.799,100.0,100.0,100.0
1157,edge_first,40,12.0,300.0,8.0,3536,2089,59.078,99.563,94.849,94.376,88.996,100.0,100.0,97.5
1158,least_loaded,40,12.0,300.0,8.0,3536,2026,57.296,98.688,91.74,90.927,91.775,100.0,100.0,100.0
1159,best_fit,40,12.0,300.0,8.0,3536,2105,59.531,97.668,94.021,95.042,91.993,100.0,100.0,100.0
1160,latency_slack,40,12.0,300.0,8.0,3536,2044,57.805,96.064,90.406,90.698,94.909,100.0,100.0,97.5
1161,edge_first,41,12.0,300.0,8.0,3581,2075,57.945,99.714,94.573,94.511,89.896,100.0,99.0,100.0
1162,least_loaded,41,12.0,300.0,8.0,3581,2062,57.582,98.286,91.156,91.417,91.693,100.0,100.0,100.0
1163,best_fit,41,12.0,300.0,8.0,3581,2086,58.252,96.857,93.887,93.521,92.707,100.0,100.0,100.0
1164,latency_slack,41,12.0,300.0,8.0,3581,2056,57.414,96.143,90.385,90.594,94.591,100.0,100.0,100.0
1165,edge_first,42,12.0,300.0,8.0,3602,2130,59.134,99.459,94.043,94.844,88.406,100.0,100.0,95.0
1166,least_loaded,42,12.0,300.0,8.0,3602,2021,56.108,99.189,90.542,90.047,90.519,100.0,100.0,100.0
1167,best_fit,42,12.0,300.0,8.0,3602,2107,58.495,98.108,93.574,94.615,91.098,100.0,100.0,100.0
1168,latency_slack,42,12.0,300.0,8.0,3602,1989,55.219,96.757,89.615,91.031,94.395,100.0,100.0,100.0
1169,edge_first,43,12.0,300.0,8.0,3531,2104,59.587,99.429,94.166,95.386,89.525,100.0,100.0,100.0
1170,least_loaded,43,12.0,300.0,8.0,3531,2054,58.17,99.572,90.875,91.089,91.348,100.0,100.0,100.0
1171,best_fit,43,12.0,300.0,8.0,3531,2102,59.53,98.003,93.344,93.177,92.043,100.0,100.0,100.0
1172,latency_slack,43,12.0,300.0,8.0,3531,2083,58.992,97.29,91.808,90.943,94.372,100.0,100.0,97.5
1173,edge_first,44,12.0,300.0,8.0,3563,2032,57.031,99.426,95.0,93.693,87.616,100.0,100.0,100.0
1174,least_loaded,44,12.0,300.0,8.0,3563,2026,56.862,97.848,90.999,90.407,91.146,100.0,100.0,100.0
1175,best_fit,44,12.0,300.0,8.0,3563,2049,57.508,96.126,94.448,93.781,90.993,100.0,100.0,100.0
1176,latency_slack,44,12.0,300.0,8.0,3563,2044,57.367,95.552,89.557,90.146,93.919,100.0,100.0,100.0
1177,edge_first,45,12.0,300.0,8.0,3606,2169,60.15,99.861,94.469,94.323,87.688,100.0,100.0,100.0
1178,least_loaded,45,12.0,300.0,8.0,3606,2111,58.541,99.029,90.99,90.427,90.386,100.0,100.0,100.0
1179,best_fit,45,12.0,300.0,8.0,3606,2244,62.23,98.613,94.907,92.917,92.094,100.0,100.0,100.0
1180,latency_slack,45,12.0,300.0,8.0,3606,2150,59.623,95.284,92.281,89.958,93.587,100.0,100.0,100.0
1181,edge_first,46,12.0,300.0,8.0,3646,2171,59.545,99.732,94.026,94.855,89.327,100.0,100.0,97.5
1182,least_loaded,46,12.0,300.0,8.0,3646,2120,58.146,99.463,90.273,90.209,92.467,100.0,100.0,100.0
1183,best_fit,46,12.0,300.0,8.0,3646,2205,60.477,97.047,94.568,94.261,91.635,100.0,100.0,100.0
1184,latency_slack,46,12.0,300.0,8.0,3646,2142,58.749,96.376,90.703,90.177,94.389,100.0,100.0,100.0
1185,edge_first,47,12.0,300.0,8.0,3617,2127,58.806,99.197,93.865,93.459,89.38,100.0,100.0,100.0
1186,least_loaded,47,12.0,300.0,8.0,3617,2087,57.7,98.661,90.838,91.626,91.382,100.0,100.0,100.0
1187,best_fit,47,12.0,300.0,8.0,3617,2146,59.331,97.724,92.449,94.271,89.54,100.0,100.0,100.0
1188,latency_slack,47,12.0,300.0,8.0,3617,2133,58.972,96.653,91.646,90.927,94.924,100.0,100.0,100.0
1189,edge_first,48,12.0,300.0,8.0,3537,2040,57.676,98.745,93.73,94.782,89.389,100.0,100.0,97.5
1190,least_loaded,48,12.0,300.0,8.0,3537,2002,56.602,97.35,91.052,90.386,90.794,100.0,100.0,100.0
1191,best_fit,48,12.0,300.0,8.0,3537,2063,58.326,97.629,93.563,93.449,91.308,100.0,100.0,100.0
1192,latency_slack,48,12.0,300.0,8.0,3537,2008,56.771,94.003,89.313,91.484,93.735,100.0,100.0,100.0
1193,edge_first,49,12.0,300.0,8.0,3622,2155,59.498,99.437,94.308,93.835,89.424,99.0,100.0,100.0
1194,least_loaded,49,12.0,300.0,8.0,3622,2059,56.847,98.453,90.746,90.824,90.723,100.0,100.0,100.0
1195,best_fit,49,12.0,300.0,8.0,3622,2144,59.194,97.328,93.219,93.985,91.862,100.0,100.0,100.0
1196,latency_slack,49,12.0,300.0,8.0,3622,2093,57.786,96.343,91.0,91.011,94.646,100.0,100.0,100.0
1197,edge_first,50,12.0,300.0,8.0,3560,2127,59.747,99.153,93.479,94.313,90.559,100.0,100.0,100.0
1198,least_loaded,50,12.0,300.0,8.0,3560,2069,58.118,98.729,91.355,92.001,92.441,100.0,100.0,100.0
1199,best_fit,50,12.0,300.0,8.0,3560,2103,59.073,96.469,93.152,93.115,92.948,100.0,100.0,100.0
1200,latency_slack,50,12.0,300.0,8.0,3560,2053,57.669,95.056,90.032,89.865,94.764,100.0,100.0,100.0
